{
    "modelName": "ANGL Meteor",
    "params": {
        "Drive": {
            "id": 1,
            "behavior": "interpolate"
        },
        "Bass": {
            "id": 2,
            "behavior": "interpolate"
        },
        "Mid": {
            "id": 3,
            "behavior": "interpolate"
        },
        "Treble": {
            "id": 4,
            "behavior": "interpolate"
        },
        "Presence": {
            "id": 5,
            "behavior": "interpolate"
        },
        "ChVol": {
            "id": 6,
            "behavior": "interpolate"
        },
        "Master": {
            "id": 7,
            "behavior": "interpolate"
        },
        "Sag": {
            "id": 8,
            "behavior": "interpolate"
        },
        "Hum": {
            "id": 9,
            "behavior": "interpolate"
        },
        "Ripple": {
            "id": 10,
            "behavior": "interpolate"
        },
        "Bias": {
            "id": 11,
            "behavior": "interpolate"
        },
        "BiasX": {
            "id": 12,
            "behavior": "interpolate"
        },
        "MidBoost": {
            "id": 13,
            "behavior": "exclude"
        }
    },
    "regions": {
        "origin": {
            "name": "Chugg",
            "Drive": 0.2999999523162842,
            "Bass": 0.43000006675720215,
            "Mid": 0.6000000238418579,
            "Treble": 0.6600000858306885,
            "Presence": 0.8299999237060547,
            "ChVol": 0.7999999523162842,
            "Master": 0.41999995708465576,
            "Sag": 0.16999995708465576,
            "Hum": 0.5,
            "Ripple": 0.5,
            "Bias": 0.5,
            "BiasX": 0.5,
            "MidBoost": true
        },
        "x_min_y_min": {
            "name": "Chords",
            "Drive": 0.0700000524520874,
            "Bass": 0.5499999523162842,
            "Mid": 0.5,
            "Treble": 0.6499999761581421,
            "Presence": 0.7999999523162842,
            "ChVol": 0.8299999237060547,
            "Master": 0.41999995708465576,
            "Sag": 0.16999995708465576,
            "Hum": 0.5,
            "Ripple": 0.5,
            "Bias": 0.5,
            "BiasX": 0.5,
            "MidBoost": true
        },
        "x_min_y_max": {
            "name": "Crunchier",
            "Drive": 0.10000002384185791,
            "Bass": 0.5499999523162842,
            "Mid": 0.7000000476837158,
            "Treble": 0.6499999761581421,
            "Presence": 0.7999999523162842,
            "ChVol": 0.8600000143051147,
            "Master": 0.41999995708465576,
            "Sag": 0.16999995708465576,
            "Hum": 0.5,
            "Ripple": 0.5,
            "Bias": 0.5,
            "BiasX": 0.5,
            "MidBoost": false
        },
        "x_max_y_min": {
            "name": "Scoop",
            "Drive": 0.2999999523162842,
            "Bass": 0.4500000476837158,
            "Mid": 0.75,
            "Treble": 0.6000000238418579,
            "Presence": 0.7000000476837158,
            "ChVol": 0.8399999141693115,
            "Master": 0.41999995708465576,
            "Sag": 0.09000003337860107,
            "Hum": 0.5,
            "Ripple": 0.5,
            "Bias": 0.5,
            "BiasX": 0.5,
            "MidBoost": false
        },
        "x_max_y_max": {
            "name": " Soar",
            "Drive": 0.5,
            "Bass": 0.2999999523162842,
            "Mid": 0.4500000476837158,
            "Treble": 0.6000000238418579,
            "Presence": 0.7000000476837158,
            "ChVol": 0.8500000238418579,
            "Master": 0.41999995708465576,
            "Sag": 0.6000000238418579,
            "Hum": 0.5,
            "Ripple": 0.5,
            "Bias": 0.5,
            "BiasX": 0.5,
            "MidBoost": true
        }
    }
}
