{
    "modelName": "A30 Fawn Brt",
    "params": {
        "Drive": {
            "id": 1,
            "behavior": "interpolate"
        },
        "Bass": {
            "id": 2,
            "behavior": "interpolate"
        },
        "Cut": {
            "id": 3,
            "behavior": "interpolate"
        },
        "Treble": {
            "id": 4,
            "behavior": "interpolate"
        },
        "Presence": {
            "id": 5,
            "behavior": "interpolate"
        },
        "ChVol": {
            "id": 6,
            "behavior": "interpolate"
        },
        "Master": {
            "id": 7,
            "behavior": "interpolate"
        },
        "Sag": {
            "id": 8,
            "behavior": "interpolate"
        },
        "Hum": {
            "id": 9,
            "behavior": "interpolate"
        },
        "Ripple": {
            "id": 10,
            "behavior": "interpolate"
        },
        "Bias": {
            "id": 11,
            "behavior": "interpolate"
        },
        "BiasX": {
            "id": 12,
            "behavior": "interpolate"
        }
    },
    "regions": {
        "origin": {
            "name": "Pushed",
            "Drive": 0.6700000762939453,
            "Bass": 0.440000057220459,
            "Cut": 0.49000000953674316,
            "Treble": 0.6800000667572021,
            "Presence": 0.0,
            "ChVol": 0.8999999761581421,
            "Master": 1.0,
            "Sag": 0.5499999523162842,
            "Hum": 0.0,
            "Ripple": 0.5,
            "Bias": 0.6700000762939453,
            "BiasX": 0.5
        },
        "x_min_y_min": {
            "name": "Very Clean",
            "Drive": 0.2799999713897705,
            "Bass": 0.690000057220459,
            "Cut": 0.5099999904632568,
            "Treble": 0.690000057220459,
            "Presence": 0.2999999523162842,
            "ChVol": 0.9300000667572021,
            "Master": 1.0,
            "Sag": 0.5499999523162842,
            "Hum": 0.0,
            "Ripple": 0.5,
            "Bias": 0.5499999523162842,
            "BiasX": 0.5
        },
        "x_min_y_max": {
            "name": "Pedal Platform",
            "Drive": 0.4500000476837158,
            "Bass": 0.48000001907348633,
            "Cut": 0.5799999237060547,
            "Treble": 0.6800000667572021,
            "Presence": 0.2999999523162842,
            "ChVol": 0.9300000667572021,
            "Master": 1.0,
            "Sag": 0.5499999523162842,
            "Hum": 0.0,
            "Ripple": 0.5,
            "Bias": 0.5499999523162842,
            "BiasX": 0.5
        },
        "x_max_y_min": {
            "name": "Big Rhythm",
            "Drive": 0.7000000476837158,
            "Bass": 0.7599999904632568,
            "Cut": 0.6000000238418579,
            "Treble": 0.6499999761581421,
            "Presence": 0.2999999523162842,
            "ChVol": 0.9300000667572021,
            "Master": 1.0,
            "Sag": 0.5499999523162842,
            "Hum": 0.0,
            "Ripple": 0.5199999809265137,
            "Bias": 0.6200000047683716,
            "BiasX": 0.5
        },
        "x_max_y_max": {
            "name": "All the Way Up",
            "Drive": 1.0,
            "Bass": 0.7799999713897705,
            "Cut": 0.5299999713897705,
            "Treble": 0.8399999141693115,
            "Presence": 0.2999999523162842,
            "ChVol": 0.9300000667572021,
            "Master": 1.0,
            "Sag": 0.5499999523162842,
            "Hum": 0.0,
            "Ripple": 0.5199999809265137,
            "Bias": 0.6200000047683716,
            "BiasX": 0.5
        }
    }
}
