{
    "modelName": "Brit 2204",
    "params": {
        "Drive": {
            "id": 1,
            "behavior": "interpolate"
        },
        "Bass": {
            "id": 2,
            "behavior": "interpolate"
        },
        "Mid": {
            "id": 3,
            "behavior": "interpolate"
        },
        "Treble": {
            "id": 4,
            "behavior": "interpolate"
        },
        "Presence": {
            "id": 5,
            "behavior": "interpolate"
        },
        "ChVol": {
            "id": 6,
            "behavior": "interpolate"
        },
        "Master": {
            "id": 7,
            "behavior": "interpolate"
        },
        "Sag": {
            "id": 8,
            "behavior": "interpolate"
        },
        "Hum": {
            "id": 9,
            "behavior": "interpolate"
        },
        "Ripple": {
            "id": 10,
            "behavior": "interpolate"
        },
        "Bias": {
            "id": 11,
            "behavior": "interpolate"
        },
        "BiasX": {
            "id": 12,
            "behavior": "interpolate"
        }
    },
    "regions": {
        "origin": {
            "name": "Punch",
            "Drive": 0.3999999761581421,
            "Bass": 0.6700000762939453,
            "Mid": 0.49000000953674316,
            "Treble": 0.7400000095367432,
            "Presence": 0.7100000381469727,
            "ChVol": 0.8500000238418579,
            "Master": 0.7999999523162842,
            "Sag": 0.5,
            "Hum": 0.5,
            "Ripple": 0.5,
            "Bias": 0.7000000476837158,
            "BiasX": 0.5
        },
        "x_min_y_min": {
            "name": "Breakup",
            "Drive": 0.25,
            "Bass": 0.43000006675720215,
            "Mid": 0.3799999952316284,
            "Treble": 0.6299999952316284,
            "Presence": 0.7100000381469727,
            "ChVol": 0.8500000238418579,
            "Master": 0.5699999332427979,
            "Sag": 0.4500000476837158,
            "Hum": 0.5,
            "Ripple": 0.8199999332427979,
            "Bias": 0.7000000476837158,
            "BiasX": 0.24000000953674316
        },
        "x_min_y_max": {
            "name": "Cut",
            "Drive": 0.3999999761581421,
            "Bass": 0.48000001907348633,
            "Mid": 0.6200000047683716,
            "Treble": 0.7599999904632568,
            "Presence": 0.7100000381469727,
            "ChVol": 0.8500000238418579,
            "Master": 0.7999999523162842,
            "Sag": 0.5399999618530273,
            "Hum": 0.5,
            "Ripple": 0.5699999332427979,
            "Bias": 0.8199999332427979,
            "BiasX": 0.16999995708465576
        },
        "x_max_y_min": {
            "name": "Overdriven",
            "Drive": 0.3400000333786011,
            "Bass": 0.43000006675720215,
            "Mid": 0.3799999952316284,
            "Treble": 0.6299999952316284,
            "Presence": 0.7100000381469727,
            "ChVol": 0.8500000238418579,
            "Master": 0.7000000476837158,
            "Sag": 0.5299999713897705,
            "Hum": 0.5,
            "Ripple": 0.8600000143051147,
            "Bias": 0.7000000476837158,
            "BiasX": 0.24000000953674316
        },
        "x_max_y_max": {
            "name": "Saturated",
            "Drive": 0.7100000381469727,
            "Bass": 0.6700000762939453,
            "Mid": 0.49000000953674316,
            "Treble": 0.7400000095367432,
            "Presence": 0.7100000381469727,
            "ChVol": 0.8500000238418579,
            "Master": 0.8899999856948853,
            "Sag": 0.3700000047683716,
            "Hum": 0.5,
            "Ripple": 0.8899999856948853,
            "Bias": 0.7000000476837158,
            "BiasX": 0.019999980926513672
        }
    }
}
