{
    "modelName": "Brit 2203",
    "params": {
        "Drive": {
            "id": 1,
            "behavior": "interpolate"
        },
        "Bass": {
            "id": 2,
            "behavior": "interpolate"
        },
        "Mid": {
            "id": 3,
            "behavior": "interpolate"
        },
        "Treble": {
            "id": 4,
            "behavior": "interpolate"
        },
        "Presence": {
            "id": 5,
            "behavior": "interpolate"
        },
        "ChVol": {
            "id": 6,
            "behavior": "interpolate"
        },
        "Master": {
            "id": 7,
            "behavior": "interpolate"
        },
        "Sag": {
            "id": 8,
            "behavior": "interpolate"
        },
        "Hum": {
            "id": 9,
            "behavior": "interpolate"
        },
        "Ripple": {
            "id": 10,
            "behavior": "interpolate"
        },
        "Bias": {
            "id": 11,
            "behavior": "interpolate"
        },
        "BiasX": {
            "id": 12,
            "behavior": "interpolate"
        },
        "InputType": {
            "id": 13,
            "behavior": "quantize"
        }
    },
    "regions": {
        "origin": {
            "name": "Hot Rod",
            "Drive": 0.7000000476837158,
            "Bass": 0.5659999847412109,
            "Mid": 0.6979999542236328,
            "Treble": 0.23600006103515625,
            "Presence": 0.3999999761581421,
            "ChVol": 0.52,
            "Master": 0.6000000238418579,
            "Sag": 0.3999999761581421,
            "Hum": 0.5,
            "Ripple": 0.690000057220459,
            "Bias": 0.5,
            "BiasX": 0.28999996185302734,
            "InputType": true
        },
        "x_min_y_min": {
            "name": "Edge",
            "Drive": 0.2999999523162842,
            "Bass": 0.5099999904632568,
            "Mid": 0.6979999542236328,
            "Treble": 0.23600006103515625,
            "Presence": 0.3999999761581421,
            "ChVol": 0.6800000667572021,
            "Master": 0.6000000238418579,
            "Sag": 0.3999999761581421,
            "Hum": 0.5,
            "Ripple": 0.5,
            "Bias": 0.5,
            "BiasX": 0.7000000476837158,
            "InputType": true
        },
        "x_min_y_max": {
            "name": "Snarl",
            "Drive": 0.7999999523162842,
            "Bass": 0.7000000476837158,
            "Mid": 0.5099999904632568,
            "Treble": 0.31999993324279785,
            "Presence": 0.440000057220459,
            "ChVol": 0.55,
            "Master": 0.5,
            "Sag": 0.3999999761581421,
            "Hum": 0.5,
            "Ripple": 0.7999999523162842,
            "Bias": 0.5,
            "BiasX": 0.21000003814697266,
            "InputType": true
        },
        "x_max_y_min": {
            "name": "Crunch",
            "Drive": 0.3999999761581421,
            "Bass": 0.5,
            "Mid": 0.5499999523162842,
            "Treble": 0.3999999761581421,
            "Presence": 0.3999999761581421,
            "ChVol": 0.62,
            "Master": 0.6000000238418579,
            "Sag": 0.3999999761581421,
            "Hum": 0.5,
            "Ripple": 0.3799999952316284,
            "Bias": 0.5,
            "BiasX": 0.7400000095367432,
            "InputType": true
        },
        "x_max_y_max": {
            "name": "Burn",
            "Drive": 1.0,
            "Bass": 0.5659999847412109,
            "Mid": 0.5899999141693115,
            "Treble": 0.31999993324279785,
            "Presence": 0.440000057220459,
            "ChVol": 0.54,
            "Master": 0.7000000476837158,
            "Sag": 0.3999999761581421,
            "Hum": 0.5,
            "Ripple": 0.7999999523162842,
            "Bias": 0.5,
            "BiasX": 0.2799999713897705,
            "InputType": true
        }
    }
}
