{
    "modelName": "Brit P75 Nrm",
    "params": {
        "Drive": {
            "id": 1,
            "behavior": "interpolate"
        },
        "Bass": {
            "id": 2,
            "behavior": "interpolate"
        },
        "Mid": {
            "id": 3,
            "behavior": "interpolate"
        },
        "Treble": {
            "id": 4,
            "behavior": "interpolate"
        },
        "Presence": {
            "id": 5,
            "behavior": "interpolate"
        },
        "ChVol": {
            "id": 6,
            "behavior": "interpolate"
        },
        "Master": {
            "id": 7,
            "behavior": "interpolate"
        },
        "Sag": {
            "id": 8,
            "behavior": "interpolate"
        },
        "Hum": {
            "id": 9,
            "behavior": "interpolate"
        },
        "Ripple": {
            "id": 10,
            "behavior": "interpolate"
        },
        "Bias": {
            "id": 11,
            "behavior": "interpolate"
        },
        "BiasX": {
            "id": 12,
            "behavior": "interpolate"
        }
    },
    "regions": {
        "origin": {
            "name": "Balanced",
            "Drive": 0.43000006675720215,
            "Bass": 0.440000057220459,
            "Mid": 0.6700000762939453,
            "Treble": 0.8999999761581421,
            "Presence": 0.7899999618530273,
            "ChVol": 0.5499999523162842,
            "Master": 0.5399999618530273,
            "Sag": 0.5,
            "Hum": 0.5,
            "Ripple": 0.5,
            "Bias": 0.6600000858306885,
            "BiasX": 0.5
        },
        "x_min_y_min": {
            "name": "Big Clean",
            "Drive": 0.19000005722045898,
            "Bass": 0.5199999809265137,
            "Mid": 0.23000001907348633,
            "Treble": 0.8999999761581421,
            "Presence": 0.8600000143051147,
            "ChVol": 0.6499999761581421,
            "Master": 0.7100000381469727,
            "Sag": 0.7799999713897705,
            "Hum": 0.5,
            "Ripple": 0.5,
            "Bias": 0.6600000858306885,
            "BiasX": 0.5
        },
        "x_min_y_max": {
            "name": "Fat",
            "Drive": 0.43000006675720215,
            "Bass": 0.009999990463256836,
            "Mid": 1.0,
            "Treble": 1.0,
            "Presence": 0.6399999856948853,
            "ChVol": 0.5499999523162842,
            "Master": 0.5399999618530273,
            "Sag": 0.5,
            "Hum": 0.5,
            "Ripple": 0.5,
            "Bias": 0.6600000858306885,
            "BiasX": 0.5
        },
        "x_max_y_min": {
            "name": "Fat Lead",
            "Drive": 0.7599999904632568,
            "Bass": 0.5,
            "Mid": 0.6700000762939453,
            "Treble": 0.8999999761581421,
            "Presence": 0.7899999618530273,
            "ChVol": 0.6100000143051147,
            "Master": 0.5699999332427979,
            "Sag": 0.8199999332427979,
            "Hum": 0.5,
            "Ripple": 0.5,
            "Bias": 0.6600000858306885,
            "BiasX": 0.5
        },
        "x_max_y_max": {
            "name": "Lead",
            "Drive": 1.0,
            "Bass": 0.5399999618530273,
            "Mid": 0.6700000762939453,
            "Treble": 0.8999999761581421,
            "Presence": 0.7899999618530273,
            "ChVol": 0.6100000143051147,
            "Master": 0.5799999237060547,
            "Sag": 1.0,
            "Hum": 0.5,
            "Ripple": 0.5,
            "Bias": 0.6600000858306885,
            "BiasX": 0.5
        }
    }
}
