{
    "modelName": "Brit Plexi Jump",
    "params": {
        "BrtDrive": {
            "id": 1,
            "behavior": "interpolate"
        },
        "NrmDrive": {
            "id": 2,
            "behavior": "interpolate"
        },
        "Bass": {
            "id": 3,
            "behavior": "interpolate"
        },
        "Mid": {
            "id": 4,
            "behavior": "interpolate"
        },
        "Treble": {
            "id": 5,
            "behavior": "interpolate"
        },
        "ChVol": {
            "id": 6,
            "behavior": "interpolate"
        },
        "Presence": {
            "id": 7,
            "behavior": "interpolate"
        },
        "Master": {
            "id": 8,
            "behavior": "interpolate"
        },
        "Sag": {
            "id": 9,
            "behavior": "interpolate"
        },
        "Hum": {
            "id": 10,
            "behavior": "interpolate"
        },
        "Ripple": {
            "id": 11,
            "behavior": "interpolate"
        },
        "Bias": {
            "id": 12,
            "behavior": "interpolate"
        },
        "BiasX": {
            "id": 13,
            "behavior": "interpolate"
        }
    },
    "regions": {
        "origin": {
            "name": "Growl",
            "BrtDrive": 0.7599999904632568,
            "NrmDrive": 0.7200000286102295,
            "Bass": 0.8999999761581421,
            "Mid": 0.809999942779541,
            "Treble": 0.7300000190734863,
            "ChVol": 0.6000000238418579,
            "Presence": 0.7000000476837158,
            "Master": 1.0,
            "Sag": 0.5,
            "Hum": 0.5,
            "Ripple": 0.7799999713897705,
            "Bias": 0.6499999761581421,
            "BiasX": 0.16999995708465576
        },
        "x_min_y_min": {
            "name": "Chime",
            "BrtDrive": 0.25,
            "NrmDrive": 0.04999995231628418,
            "Bass": 0.8500000238418579,
            "Mid": 0.75,
            "Treble": 0.7400000095367432,
            "ChVol": 0.6499999761581421,
            "Presence": 0.7200000286102295,
            "Master": 1.0,
            "Sag": 0.2999999523162842,
            "Hum": 0.5,
            "Ripple": 0.5,
            "Bias": 0.75,
            "BiasX": 0.5
        },
        "x_min_y_max": {
            "name": "Snarl",
            "BrtDrive": 0.7999999523162842,
            "NrmDrive": 0.809999942779541,
            "Bass": 0.8999999761581421,
            "Mid": 0.8600000143051147,
            "Treble": 0.7599999904632568,
            "ChVol": 0.6000000238418579,
            "Presence": 0.7200000286102295,
            "Master": 1.0,
            "Sag": 0.6000000238418579,
            "Hum": 0.5,
            "Ripple": 0.940000057220459,
            "Bias": 0.6499999761581421,
            "BiasX": 0.039999961853027344
        },
        "x_max_y_min": {
            "name": "Loose",
            "BrtDrive": 0.2999999523162842,
            "NrmDrive": 0.36000001430511475,
            "Bass": 0.8999999761581421,
            "Mid": 0.8399999141693115,
            "Treble": 0.7300000190734863,
            "ChVol": 0.6499999761581421,
            "Presence": 0.7000000476837158,
            "Master": 1.0,
            "Sag": 0.6000000238418579,
            "Hum": 0.5,
            "Ripple": 0.5,
            "Bias": 0.6499999761581421,
            "BiasX": 0.6000000238418579
        },
        "x_max_y_max": {
            "name": "Burn",
            "BrtDrive": 1.0,
            "NrmDrive": 1.0,
            "Bass": 0.9300000667572021,
            "Mid": 0.9300000667572021,
            "Treble": 0.9200000762939453,
            "ChVol": 0.6200000047683716,
            "Presence": 0.7999999523162842,
            "Master": 1.0,
            "Sag": 0.7000000476837158,
            "Hum": 0.5,
            "Ripple": 0.9500000476837158,
            "Bias": 0.6499999761581421,
            "BiasX": 0.0700000524520874
        }
    }
}
