{
    "modelName": "Cali 400 Ch2",
    "params": {
        "Drive": {
            "id": 1,
            "behavior": "interpolate"
        },
        "Bass": {
            "id": 2,
            "behavior": "interpolate"
        },
        "Mid": {
            "id": 3,
            "behavior": "interpolate"
        },
        "HighMid": {
            "id": 4,
            "behavior": "interpolate"
        },
        "Treble": {
            "id": 5,
            "behavior": "interpolate"
        },
        "ChVol": {
            "id": 6,
            "behavior": "interpolate"
        },
        "Master": {
            "id": 7,
            "behavior": "interpolate"
        },
        "Sag": {
            "id": 8,
            "behavior": "interpolate"
        },
        "Hum": {
            "id": 9,
            "behavior": "interpolate"
        },
        "Ripple": {
            "id": 10,
            "behavior": "interpolate"
        },
        "Bias": {
            "id": 11,
            "behavior": "interpolate"
        },
        "BiasX": {
            "id": 12,
            "behavior": "interpolate"
        }
    },
    "regions": {
        "origin": {
            "name": "Grit",
            "Drive": 0.5499999523162842,
            "Bass": 0.49000000953674316,
            "Mid": 0.3799999952316284,
            "HighMid": 0.6200000047683716,
            "Treble": 0.8700000047683716,
            "ChVol": 0.6000000238418579,
            "Master": 0.5499999523162842,
            "Sag": 0.7200000286102295,
            "Hum": 0.5,
            "Ripple": 0.5,
            "Bias": 0.5,
            "BiasX": 0.6000000238418579
        },
        "x_min_y_min": {
            "name": "Modern",
            "Drive": 0.029999971389770508,
            "Bass": 0.5499999523162842,
            "Mid": 0.28999996185302734,
            "HighMid": 0.5199999809265137,
            "Treble": 0.8700000047683716,
            "ChVol": 0.8399999141693115,
            "Master": 0.7699999809265137,
            "Sag": 0.0,
            "Hum": 0.0,
            "Ripple": 0.0,
            "Bias": 1.0,
            "BiasX": 1.0
        },
        "x_min_y_max": {
            "name": "Doom",
            "Drive": 0.7100000381469727,
            "Bass": 0.7699999809265137,
            "Mid": 0.6200000047683716,
            "HighMid": 0.1499999761581421,
            "Treble": 0.09000003337860107,
            "ChVol": 0.690000057220459,
            "Master": 0.3400000333786011,
            "Sag": 0.9800000190734863,
            "Hum": 0.8399999141693115,
            "Ripple": 0.8600000143051147,
            "Bias": 0.15999996662139893,
            "BiasX": 0.8899999856948853
        },
        "x_max_y_min": {
            "name": "Edgy",
            "Drive": 0.10000002384185791,
            "Bass": 0.6200000047683716,
            "Mid": 0.6000000238418579,
            "HighMid": 0.8199999332427979,
            "Treble": 0.7100000381469727,
            "ChVol": 0.75,
            "Master": 0.7100000381469727,
            "Sag": 0.09000003337860107,
            "Hum": 0.6800000667572021,
            "Ripple": 0.3400000333786011,
            "Bias": 0.6600000858306885,
            "BiasX": 0.0
        },
        "x_max_y_max": {
            "name": "Thrash",
            "Drive": 0.8600000143051147,
            "Bass": 0.5099999904632568,
            "Mid": 0.6200000047683716,
            "HighMid": 0.8299999237060547,
            "Treble": 0.75,
            "ChVol": 0.74,
            "Master": 0.25,
            "Sag": 0.09000003337860107,
            "Hum": 0.029999971389770508,
            "Ripple": 0.0,
            "Bias": 0.8999999761581421,
            "BiasX": 0.8999999761581421
        }
    }
}
