{
    "modelName": "Cali Bass",
    "params": {
        "Drive": {
            "id": 1,
            "behavior": "interpolate"
        },
        "Bass": {
            "id": 2,
            "behavior": "interpolate"
        },
        "Mid": {
            "id": 3,
            "behavior": "interpolate"
        },
        "HighMid": {
            "id": 4,
            "behavior": "interpolate"
        },
        "Treble": {
            "id": 5,
            "behavior": "interpolate"
        },
        "ChVol": {
            "id": 6,
            "behavior": "interpolate"
        },
        "Master": {
            "id": 7,
            "behavior": "interpolate"
        },
        "Sag": {
            "id": 8,
            "behavior": "interpolate"
        },
        "Voice": {
            "id": 9,
            "behavior": "quantize"
        }
    },
    "regions": {
        "origin": {
            "name": "Grit",
            "Drive": 0.33000004291534424,
            "Bass": 0.6600000858306885,
            "Mid": 0.5,
            "HighMid": 0.75,
            "Treble": 0.7599999904632568,
            "ChVol": 0.7999999523162842,
            "Master": 0.6000000238418579,
            "Sag": 0.2999999523162842,
            "Voice": 2
        },
        "x_min_y_min": {
            "name": "Clean",
            "Drive": 0.1499999761581421,
            "Bass": 0.5899999141693115,
            "Mid": 0.6000000238418579,
            "HighMid": 0.559999942779541,
            "Treble": 0.5799999237060547,
            "ChVol": 1.0,
            "Master": 0.7400000095367432,
            "Sag": 0.18000006675720215,
            "Voice": 0
        },
        "x_min_y_max": {
            "name": "Clank",
            "Drive": 0.25,
            "Bass": 0.5699999332427979,
            "Mid": 0.41999995708465576,
            "HighMid": 0.48000001907348633,
            "Treble": 0.8799999952316284,
            "ChVol": 0.9100000858306885,
            "Master": 0.8199999332427979,
            "Sag": 0.0,
            "Voice": 1
        },
        "x_max_y_min": {
            "name": "Dark",
            "Drive": 0.3500000238418579,
            "Bass": 0.6299999952316284,
            "Mid": 0.559999942779541,
            "HighMid": 0.04999995231628418,
            "Treble": 0.1499999761581421,
            "ChVol": 0.75,
            "Master": 0.7999999523162842,
            "Sag": 1.0,
            "Voice": 3
        },
        "x_max_y_max": {
            "name": "Dirty",
            "Drive": 0.5699999332427979,
            "Bass": 0.4700000286102295,
            "Mid": 0.6499999761581421,
            "HighMid": 0.6100000143051147,
            "Treble": 0.5699999332427979,
            "ChVol": 0.72,
            "Master": 0.41999995708465576,
            "Sag": 0.059999942779541016,
            "Voice": 4
        }
    }
}
