{
    "modelName": "Cali 400 Ch1",
    "params": {
        "Drive": {
            "id": 1,
            "behavior": "interpolate"
        },
        "Bass": {
            "id": 2,
            "behavior": "interpolate"
        },
        "Mid": {
            "id": 3,
            "behavior": "interpolate"
        },
        "HighMid": {
            "id": 4,
            "behavior": "interpolate"
        },
        "Treble": {
            "id": 5,
            "behavior": "interpolate"
        },
        "ChVol": {
            "id": 6,
            "behavior": "interpolate"
        },
        "Master": {
            "id": 7,
            "behavior": "interpolate"
        },
        "Sag": {
            "id": 8,
            "behavior": "interpolate"
        },
        "Hum": {
            "id": 9,
            "behavior": "interpolate"
        },
        "Ripple": {
            "id": 10,
            "behavior": "interpolate"
        },
        "Bias": {
            "id": 11,
            "behavior": "interpolate"
        },
        "BiasX": {
            "id": 12,
            "behavior": "interpolate"
        }
    },
    "regions": {
        "origin": {
            "name": "Bite",
            "Drive": 0.6200000047683716,
            "Bass": 0.5,
            "Mid": 0.43000006675720215,
            "HighMid": 0.5,
            "Treble": 0.6399999856948853,
            "ChVol": 0.7400000095367432,
            "Master": 0.6000000238418579,
            "Sag": 0.5,
            "Hum": 0.5,
            "Ripple": 0.5,
            "Bias": 0.6499999761581421,
            "BiasX": 0.8999999761581421
        },
        "x_min_y_min": {
            "name": "Clean",
            "Drive": 0.1499999761581421,
            "Bass": 0.6299999952316284,
            "Mid": 0.5199999809265137,
            "HighMid": 0.46000003814697266,
            "Treble": 0.5299999713897705,
            "ChVol": 0.7400000095367432,
            "Master": 0.8600000143051147,
            "Sag": 0.10000002384185791,
            "Hum": 0.0,
            "Ripple": 0.0,
            "Bias": 1.0,
            "BiasX": 1.0
        },
        "x_min_y_max": {
            "name": "Dark",
            "Drive": 0.6600000858306885,
            "Bass": 0.6700000762939453,
            "Mid": 0.6200000047683716,
            "HighMid": 0.019999980926513672,
            "Treble": 0.10000002384185791,
            "ChVol": 0.7400000095367432,
            "Master": 0.5099999904632568,
            "Sag": 0.809999942779541,
            "Hum": 0.8399999141693115,
            "Ripple": 0.9800000190734863,
            "Bias": 0.5199999809265137,
            "BiasX": 0.7300000190734863
        },
        "x_max_y_min": {
            "name": "Scoop",
            "Drive": 0.21000003814697266,
            "Bass": 0.6299999952316284,
            "Mid": 0.039999961853027344,
            "HighMid": 0.12999999523162842,
            "Treble": 0.5299999713897705,
            "ChVol": 0.7400000095367432,
            "Master": 0.8600000143051147,
            "Sag": 0.10000002384185791,
            "Hum": 0.0,
            "Ripple": 0.0,
            "Bias": 0.5299999713897705,
            "BiasX": 0.6399999856948853
        },
        "x_max_y_max": {
            "name": "Growl",
            "Drive": 1.0,
            "Bass": 0.49000000953674316,
            "Mid": 0.8299999237060547,
            "HighMid": 0.6200000047683716,
            "Treble": 0.5799999237060547,
            "ChVol": 0.690000057220459,
            "Master": 0.2999999523162842,
            "Sag": 0.36000001430511475,
            "Hum": 0.23000001907348633,
            "Ripple": 0.0,
            "Bias": 0.20000004768371582,
            "BiasX": 0.309999942779541
        }
    }
}
