{
    "modelName": "Cali Texas Ch1",
    "params": {
        "Drive": {
            "id": 1,
            "behavior": "interpolate"
        },
        "Bass": {
            "id": 2,
            "behavior": "interpolate"
        },
        "Mid": {
            "id": 3,
            "behavior": "interpolate"
        },
        "Treble": {
            "id": 4,
            "behavior": "interpolate"
        },
        "Presence": {
            "id": 5,
            "behavior": "interpolate"
        },
        "ChVol": {
            "id": 6,
            "behavior": "interpolate"
        },
        "Master": {
            "id": 7,
            "behavior": "interpolate"
        },
        "Sag": {
            "id": 8,
            "behavior": "interpolate"
        },
        "Ripple": {
            "id": 9,
            "behavior": "interpolate"
        },
        "Bias": {
            "id": 10,
            "behavior": "interpolate"
        },
        "BiasX": {
            "id": 11,
            "behavior": "interpolate"
        }
    },
    "regions": {
        "origin": {
            "name": "Breaking Up",
            "Drive": 0.5099999904632568,
            "Bass": 0.41999995708465576,
            "Mid": 0.5499999523162842,
            "Treble": 0.6200000047683716,
            "Presence": 0.4700000286102295,
            "ChVol": 0.6000000238418579,
            "Master": 0.7000000476837158,
            "Sag": 0.5,
            "Ripple": 0.5,
            "Bias": 0.5,
            "BiasX": 0.5
        },
        "x_min_y_min": {
            "name": " Clean & Warm",
            "Drive": 0.3400000333786011,
            "Bass": 0.4500000476837158,
            "Mid": 0.5299999713897705,
            "Treble": 0.5399999618530273,
            "Presence": 0.36000001430511475,
            "ChVol": 0.6499999761581421,
            "Master": 0.6000000238418579,
            "Sag": 0.5,
            "Ripple": 0.5,
            "Bias": 0.5,
            "BiasX": 0.5
        },
        "x_min_y_max": {
            "name": "Clean & Bright",
            "Drive": 0.4099999666213989,
            "Bass": 0.2999999523162842,
            "Mid": 0.5199999809265137,
            "Treble": 0.690000057220459,
            "Presence": 0.4700000286102295,
            "ChVol": 0.6000000238418579,
            "Master": 0.7000000476837158,
            "Sag": 0.5,
            "Ripple": 0.5,
            "Bias": 0.5,
            "BiasX": 0.5
        },
        "x_max_y_min": {
            "name": "Crunch",
            "Drive": 0.6700000762939453,
            "Bass": 0.4700000286102295,
            "Mid": 0.559999942779541,
            "Treble": 0.7300000190734863,
            "Presence": 0.5499999523162842,
            "ChVol": 0.6100000143051147,
            "Master": 0.7000000476837158,
            "Sag": 0.5,
            "Ripple": 0.5,
            "Bias": 0.5,
            "BiasX": 0.5
        },
        "x_max_y_max": {
            "name": "Ch1 Can Rock",
            "Drive": 0.8500000238418579,
            "Bass": 0.28999996185302734,
            "Mid": 0.5099999904632568,
            "Treble": 0.7400000095367432,
            "Presence": 0.5299999713897705,
            "ChVol": 0.52,
            "Master": 0.8399999141693115,
            "Sag": 0.5,
            "Ripple": 0.5,
            "Bias": 0.5,
            "BiasX": 0.5
        }
    }
}
