{
    "modelName": "Divided Duo",
    "params": {
        "Drive 1": {
            "id": 1,
            "behavior": "interpolate"
        },
        "Drive 2": {
            "id": 2,
            "behavior": "interpolate"
        },
        "Tone": {
            "id": 3,
            "behavior": "interpolate"
        },
        "Cut": {
            "id": 4,
            "behavior": "interpolate"
        },
        "Presence": {
            "id": 5,
            "behavior": "interpolate"
        },
        "ChVol": {
            "id": 6,
            "behavior": "interpolate"
        },
        "Master": {
            "id": 7,
            "behavior": "interpolate"
        },
        "Sag": {
            "id": 8,
            "behavior": "interpolate"
        },
        "Hum": {
            "id": 9,
            "behavior": "interpolate"
        },
        "Ripple": {
            "id": 10,
            "behavior": "interpolate"
        },
        "Bias": {
            "id": 11,
            "behavior": "interpolate"
        },
        "BiasX": {
            "id": 12,
            "behavior": "interpolate"
        }
    },
    "regions": {
        "origin": {
            "name": "Just Right",
            "Drive 1": 0.4099999666213989,
            "Drive 2": 0.33000004291534424,
            "Tone": 0.43000006675720215,
            "Cut": 0.3999999761581421,
            "Presence": 0.059999942779541016,
            "ChVol": 0.87,
            "Master": 0.7100000381469727,
            "Sag": 0.6700000762939453,
            "Hum": 0.5,
            "Ripple": 0.5,
            "Bias": 0.6000000238418579,
            "BiasX": 0.5
        },
        "x_min_y_min": {
            "name": "Clean",
            "Drive 1": 0.10000002384185791,
            "Drive 2": 0.10000002384185791,
            "Tone": 0.5399999618530273,
            "Cut": 0.31999993324279785,
            "Presence": 0.059999942779541016,
            "ChVol": 0.90,
            "Master": 0.7999999523162842,
            "Sag": 0.6700000762939453,
            "Hum": 0.5,
            "Ripple": 0.5,
            "Bias": 0.6000000238418579,
            "BiasX": 0.5
        },
        "x_min_y_max": {
            "name": "EOB",
            "Drive 1": 0.20000004768371582,
            "Drive 2": 0.20000004768371582,
            "Tone": 0.5399999618530273,
            "Cut": 0.31999993324279785,
            "Presence": 0.059999942779541016,
            "ChVol": 0.87,
            "Master": 0.7999999523162842,
            "Sag": 0.6700000762939453,
            "Hum": 0.5,
            "Ripple": 0.5,
            "Bias": 0.6000000238418579,
            "BiasX": 0.5
        },
        "x_max_y_min": {
            "name": "Crunchy",
            "Drive 1": 0.2999999523162842,
            "Drive 2": 0.25999999046325684,
            "Tone": 0.2999999523162842,
            "Cut": 0.5,
            "Presence": 0.059999942779541016,
            "ChVol": 0.74,
            "Master": 1.0,
            "Sag": 0.6700000762939453,
            "Hum": 0.5,
            "Ripple": 0.5,
            "Bias": 0.6000000238418579,
            "BiasX": 0.5
        },
        "x_max_y_max": {
            "name": "Crank'd",
            "Drive 1": 0.5199999809265137,
            "Drive 2": 0.6299999952316284,
            "Tone": 0.5799999237060547,
            "Cut": 0.18000006675720215,
            "Presence": 0.059999942779541016,
            "ChVol": 0.76,
            "Master": 0.8700000047683716,
            "Sag": 0.6700000762939453,
            "Hum": 0.0,
            "Ripple": 0.5,
            "Bias": 0.6000000238418579,
            "BiasX": 0.5
        }
    }
}
