{
    "modelName": "Essex A30",
    "params": {
        "Drive": {
            "id": 1,
            "behavior": "interpolate"
        },
        "Bass": {
            "id": 2,
            "behavior": "interpolate"
        },
        "Cut": {
            "id": 3,
            "behavior": "interpolate"
        },
        "Treble": {
            "id": 4,
            "behavior": "interpolate"
        },
        "Presence": {
            "id": 5,
            "behavior": "interpolate"
        },
        "ChVol": {
            "id": 6,
            "behavior": "interpolate"
        },
        "Master": {
            "id": 7,
            "behavior": "interpolate"
        },
        "Sag": {
            "id": 8,
            "behavior": "interpolate"
        },
        "Hum": {
            "id": 9,
            "behavior": "interpolate"
        },
        "Ripple": {
            "id": 10,
            "behavior": "interpolate"
        },
        "Bias": {
            "id": 11,
            "behavior": "interpolate"
        },
        "BiasX": {
            "id": 12,
            "behavior": "interpolate"
        }
    },
    "regions": {
        "origin": {
            "name": "EOB",
            "Drive": 0.4500000476837158,
            "Bass": 0.440000057220459,
            "Cut": 0.38999998569488525,
            "Treble": 0.5899999141693115,
            "Presence": 0.11000001430511475,
            "ChVol": 0.7999999523162842,
            "Master": 1.0,
            "Sag": 0.5,
            "Hum": 0.5,
            "Ripple": 0.5,
            "Bias": 0.5,
            "BiasX": 0.5
        },
        "x_min_y_min": {
            "name": "Warm Clean",
            "Drive": 0.33000004291534424,
            "Bass": 0.559999942779541,
            "Cut": 0.48000001907348633,
            "Treble": 0.5299999713897705,
            "Presence": 0.0,
            "ChVol": 0.7999999523162842,
            "Master": 1.0,
            "Sag": 0.5,
            "Hum": 0.5,
            "Ripple": 0.5,
            "Bias": 0.5,
            "BiasX": 0.5
        },
        "x_min_y_max": {
            "name": "Jangle",
            "Drive": 0.3999999761581421,
            "Bass": 0.31999993324279785,
            "Cut": 0.24000000953674316,
            "Treble": 0.7000000476837158,
            "Presence": 0.20000004768371582,
            "ChVol": 0.7999999523162842,
            "Master": 1.0,
            "Sag": 0.5,
            "Hum": 0.5,
            "Ripple": 0.5,
            "Bias": 0.5,
            "BiasX": 0.5
        },
        "x_max_y_min": {
            "name": "Pushed",
            "Drive": 0.6000000238418579,
            "Bass": 0.2799999713897705,
            "Cut": 0.28999996185302734,
            "Treble": 0.5899999141693115,
            "Presence": 0.11000001430511475,
            "ChVol": 0.65,
            "Master": 1.0,
            "Sag": 0.5,
            "Hum": 0.5,
            "Ripple": 0.5,
            "Bias": 0.5,
            "BiasX": 0.5
        },
        "x_max_y_max": {
            "name": "Dimed",
            "Drive": 1.0,
            "Bass": 0.2999999523162842,
            "Cut": 0.21000003814697266,
            "Treble": 0.7899999618530273,
            "Presence": 0.28999996185302734,
            "ChVol": 0.65,
            "Master": 1.0,
            "Sag": 0.5,
            "Hum": 0.5,
            "Ripple": 0.5,
            "Bias": 0.5,
            "BiasX": 0.5
        }
    }
}
