{
    "modelName": "EV Panama Blue",
    "params": {
        "Gain": {
            "id": 1,
            "behavior": "interpolate"
        },
        "Low": {
            "id": 2,
            "behavior": "interpolate"
        },
        "Mid": {
            "id": 3,
            "behavior": "interpolate"
        },
        "High": {
            "id": 4,
            "behavior": "interpolate"
        },
        "Presence": {
            "id": 5,
            "behavior": "interpolate"
        },
        "ChVol": {
            "id": 6,
            "behavior": "interpolate"
        },
        "Master": {
            "id": 7,
            "behavior": "interpolate"
        },
        "Sag": {
            "id": 8,
            "behavior": "interpolate"
        },
        "Hum": {
            "id": 9,
            "behavior": "interpolate"
        },
        "Ripple": {
            "id": 10,
            "behavior": "interpolate"
        },
        "Bias": {
            "id": 11,
            "behavior": "interpolate"
        },
        "BiasX": {
            "id": 12,
            "behavior": "interpolate"
        }
    },
    "regions": {
        "origin": {
            "name": "Roar",
            "Gain": 0.6399999856948853,
            "Low": 0.3500000238418579,
            "Mid": 0.6800000667572021,
            "High": 0.559999942779541,
            "Presence": 0.7100000381469727,
            "ChVol": 0.5399999618530273,
            "Master": 0.5399999618530273,
            "Sag": 0.26999998092651367,
            "Hum": 0.0,
            "Ripple": 0.8799999952316284,
            "Bias": 0.5,
            "BiasX": 0.20000004768371582
        },
        "x_min_y_min": {
            "name": "Clear",
            "Gain": 0.24000000953674316,
            "Low": 0.3500000238418579,
            "Mid": 0.6000000238418579,
            "High": 0.6200000047683716,
            "Presence": 0.7100000381469727,
            "ChVol": 0.75,
            "Master": 0.36000001430511475,
            "Sag": 0.5,
            "Hum": 0.0,
            "Ripple": 0.8799999952316284,
            "Bias": 0.5,
            "BiasX": 0.20000004768371582
        },
        "x_min_y_max": {
            "name": "Squishy",
            "Gain": 0.6000000238418579,
            "Low": 0.3500000238418579,
            "Mid": 0.6800000667572021,
            "High": 0.559999942779541,
            "Presence": 0.7100000381469727,
            "ChVol": 0.7400000095367432,
            "Master": 0.5899999141693115,
            "Sag": 0.6499999761581421,
            "Hum": 0.0,
            "Ripple": 0.8799999952316284,
            "Bias": 0.5,
            "BiasX": 0.15999996662139893
        },
        "x_max_y_min": {
            "name": "Snarl",
            "Gain": 0.26999998092651367,
            "Low": 0.3500000238418579,
            "Mid": 0.6000000238418579,
            "High": 0.6200000047683716,
            "Presence": 0.7100000381469727,
            "ChVol": 0.6100000143051147,
            "Master": 0.6299999952316284,
            "Sag": 0.26999998092651367,
            "Hum": 0.0,
            "Ripple": 0.8799999952316284,
            "Bias": 0.5,
            "BiasX": 0.20000004768371582
        },
        "x_max_y_max": {
            "name": "Fire",
            "Gain": 0.7999999523162842,
            "Low": 0.43000006675720215,
            "Mid": 0.4700000286102295,
            "High": 0.690000057220459,
            "Presence": 0.7100000381469727,
            "ChVol": 0.52,
            "Master": 0.7200000286102295,
            "Sag": 0.26999998092651367,
            "Hum": 0.0,
            "Ripple": 0.8799999952316284,
            "Bias": 0.559999942779541,
            "BiasX": 0.31999993324279785
        }
    }
}
