{
    "modelName": "Essex A15",
    "params": {
        "Drive": {
            "id": 1,
            "behavior": "interpolate"
        },
        "Bass": {
            "id": 2,
            "behavior": "interpolate"
        },
        "Mid": {
            "id": 3,
            "behavior": "interpolate"
        },
        "Treble": {
            "id": 4,
            "behavior": "interpolate"
        },
        "Cut": {
            "id": 5,
            "behavior": "interpolate"
        },
        "ChVol": {
            "id": 6,
            "behavior": "interpolate"
        },
        "Master": {
            "id": 7,
            "behavior": "interpolate"
        },
        "Sag": {
            "id": 8,
            "behavior": "interpolate"
        },
        "Hum": {
            "id": 9,
            "behavior": "interpolate"
        },
        "Ripple": {
            "id": 10,
            "behavior": "interpolate"
        },
        "Bias": {
            "id": 11,
            "behavior": "interpolate"
        },
        "BiasX": {
            "id": 12,
            "behavior": "interpolate"
        }
    },
    "regions": {
        "origin": {
            "name": "Dirty",
            "Drive": 0.3799999952316284,
            "Bass": 0.3999999761581421,
            "Mid": 0.41999995708465576,
            "Treble": 0.5,
            "Cut": 0.309999942779541,
            "ChVol": 0.6499999761581421,
            "Master": 1.0,
            "Sag": 0.6100000143051147,
            "Hum": 0.5,
            "Ripple": 0.5,
            "Bias": 0.7100000381469727,
            "BiasX": 0.5
        },
        "x_min_y_min": {
            "name": "Clean",
            "Drive": 0.20000004768371582,
            "Bass": 0.5,
            "Mid": 0.2999999523162842,
            "Treble": 0.6200000047683716,
            "Cut": 0.2799999713897705,
            "ChVol": 0.6499999761581421,
            "Master": 1.0,
            "Sag": 0.6100000143051147,
            "Hum": 0.5,
            "Ripple": 0.5,
            "Bias": 0.7100000381469727,
            "BiasX": 0.5
        },
        "x_min_y_max": {
            "name": "EOB",
            "Drive": 0.28999996185302734,
            "Bass": 0.46000003814697266,
            "Mid": 0.4500000476837158,
            "Treble": 0.6200000047683716,
            "Cut": 0.2799999713897705,
            "ChVol": 0.6499999761581421,
            "Master": 1.0,
            "Sag": 0.6100000143051147,
            "Hum": 0.5,
            "Ripple": 0.5,
            "Bias": 0.7100000381469727,
            "BiasX": 0.5
        },
        "x_max_y_min": {
            "name": "Hot",
            "Drive": 0.5499999523162842,
            "Bass": 0.3999999761581421,
            "Mid": 0.43000006675720215,
            "Treble": 0.3999999761581421,
            "Cut": 0.6299999952316284,
            "ChVol": 0.6499999761581421,
            "Master": 1.0,
            "Sag": 0.6100000143051147,
            "Hum": 0.5,
            "Ripple": 0.5,
            "Bias": 0.7100000381469727,
            "BiasX": 0.5
        },
        "x_max_y_max": {
            "name": "Crank'd",
            "Drive": 0.9700000286102295,
            "Bass": 0.3999999761581421,
            "Mid": 0.5,
            "Treble": 0.5,
            "Cut": 0.5,
            "ChVol": 0.57,
            "Master": 1.0,
            "Sag": 0.6100000143051147,
            "Hum": 0.5,
            "Ripple": 0.5,
            "Bias": 0.7100000381469727,
            "BiasX": 0.5
        }
    }
}
