{
    "modelName": "Fullerton Brt",
    "params": {
        "DriveNorm": {
            "id": 1,
            "behavior": "interpolate"
        },
        "DriveBright": {
            "id": 2,
            "behavior": "interpolate"
        },
        "Bass": {
            "id": 3,
            "behavior": "interpolate"
        },
        "Tone": {
            "id": 4,
            "behavior": "interpolate"
        },
        "Treble": {
            "id": 5,
            "behavior": "interpolate"
        },
        "ChVol": {
            "id": 6,
            "behavior": "interpolate"
        },
        "Master": {
            "id": 7,
            "behavior": "interpolate"
        },
        "Sag": {
            "id": 8,
            "behavior": "interpolate"
        },
        "Hum": {
            "id": 9,
            "behavior": "interpolate"
        },
        "Ripple": {
            "id": 10,
            "behavior": "interpolate"
        },
        "Bias": {
            "id": 11,
            "behavior": "interpolate"
        },
        "BiasX": {
            "id": 12,
            "behavior": "interpolate"
        }
    },
    "regions": {
        "origin": {
            "name": "Bright Ch",
            "DriveNorm": 0.029999971389770508,
            "DriveBright": 0.28999996185302734,
            "Bass": 0.5,
            "Tone": 0.7599999904632568,
            "Treble": 0.5,
            "ChVol": 0.7000000476837158,
            "Master": 1.0,
            "Sag": 0.5,
            "Hum": 0.5,
            "Ripple": 0.5,
            "Bias": 0.5,
            "BiasX": 0.5
        },
        "x_min_y_min": {
            "name": "Cleanest",
            "DriveNorm": 0.04999995231628418,
            "DriveBright": 0.12000000476837158,
            "Bass": 0.9500000476837158,
            "Tone": 0.6499999761581421,
            "Treble": 0.7000000476837158,
            "ChVol": 1.0,
            "Master": 1.0,
            "Sag": 0.7999999523162842,
            "Hum": 0.6499999761581421,
            "Ripple": 0.6000000238418579,
            "Bias": 0.5399999618530273,
            "BiasX": 0.8600000143051147
        },
        "x_min_y_max": {
            "name": "Cleaner",
            "DriveNorm": 0.04999995231628418,
            "DriveBright": 0.19000005722045898,
            "Bass": 0.6100000143051147,
            "Tone": 0.690000057220459,
            "Treble": 0.6299999952316284,
            "ChVol": 0.7799999713897705,
            "Master": 1.0,
            "Sag": 0.6100000143051147,
            "Hum": 0.5799999237060547,
            "Ripple": 0.5799999237060547,
            "Bias": 0.5299999713897705,
            "BiasX": 0.6800000667572021
        },
        "x_max_y_min": {
            "name": "Less Pushed",
            "DriveNorm": 0.46000003814697266,
            "DriveBright": 0.7799999713897705,
            "Bass": 0.5399999618530273,
            "Tone": 0.49000000953674316,
            "Treble": 0.6600000858306885,
            "ChVol": 0.6399999856948853,
            "Master": 0.8700000047683716,
            "Sag": 0.33000004291534424,
            "Hum": 0.26999998092651367,
            "Ripple": 0.6700000762939453,
            "Bias": 0.7100000381469727,
            "BiasX": 0.3799999952316284
        },
        "x_max_y_max": {
            "name": "Pushed",
            "DriveNorm": 0.46000003814697266,
            "DriveBright": 0.940000057220459,
            "Bass": 0.6100000143051147,
            "Tone": 0.5299999713897705,
            "Treble": 0.7200000286102295,
            "ChVol": 0.6600000858306885,
            "Master": 0.7899999618530273,
            "Sag": 0.2200000286102295,
            "Hum": 0.15999996662139893,
            "Ripple": 0.8399999141693115,
            "Bias": 0.8899999856948853,
            "BiasX": 0.19000005722045898
        }
    }
}
