{
    "modelName": "German Mahadeva",
    "params": {
        "Drive": {
            "id": 1,
            "behavior": "interpolate"
        },
        "Bass": {
            "id": 2,
            "behavior": "interpolate"
        },
        "Mid": {
            "id": 3,
            "behavior": "interpolate"
        },
        "Treble": {
            "id": 4,
            "behavior": "interpolate"
        },
        "Presence": {
            "id": 5,
            "behavior": "interpolate"
        },
        "ChVol": {
            "id": 6,
            "behavior": "interpolate"
        },
        "Master": {
            "id": 7,
            "behavior": "interpolate"
        },
        "Sag": {
            "id": 8,
            "behavior": "interpolate"
        },
        "Hum": {
            "id": 9,
            "behavior": "interpolate"
        },
        "Ripple": {
            "id": 10,
            "behavior": "interpolate"
        },
        "Bias": {
            "id": 11,
            "behavior": "interpolate"
        },
        "BiasX": {
            "id": 12,
            "behavior": "interpolate"
        }
    },
    "regions": {
        "origin": {
            "name": "Balanced",
            "Drive": 0.3799999952316284,
            "Bass": 0.49000000953674316,
            "Mid": 0.5199999809265137,
            "Treble": 0.75,
            "Presence": 0.6200000047683716,
            "ChVol": 0.7799999713897705,
            "Master": 0.5699999332427979,
            "Sag": 0.5,
            "Hum": 0.5,
            "Ripple": 0.5,
            "Bias": 0.75,
            "BiasX": 0.5
        },
        "x_min_y_min": {
            "name": "Heartland",
            "Drive": 0.09000003337860107,
            "Bass": 0.3400000333786011,
            "Mid": 0.5199999809265137,
            "Treble": 0.7699999809265137,
            "Presence": 0.7999999523162842,
            "ChVol": 0.7999999523162842,
            "Master": 0.48000001907348633,
            "Sag": 0.31999993324279785,
            "Hum": 0.5,
            "Ripple": 0.5,
            "Bias": 0.75,
            "BiasX": 0.5
        },
        "x_min_y_max": {
            "name": "Mids Plz",
            "Drive": 0.16999995708465576,
            "Bass": 0.0,
            "Mid": 0.9800000190734863,
            "Treble": 0.7699999809265137,
            "Presence": 0.7999999523162842,
            "ChVol": 0.8899999856948853,
            "Master": 0.3500000238418579,
            "Sag": 0.8500000238418579,
            "Hum": 0.5,
            "Ripple": 0.5,
            "Bias": 0.75,
            "BiasX": 0.5
        },
        "x_max_y_min": {
            "name": "Lead",
            "Drive": 0.7100000381469727,
            "Bass": 0.36000001430511475,
            "Mid": 0.3799999952316284,
            "Treble": 0.7300000190734863,
            "Presence": 0.6000000238418579,
            "ChVol": 0.7799999713897705,
            "Master": 0.7699999809265137,
            "Sag": 0.5,
            "Hum": 0.5,
            "Ripple": 0.5,
            "Bias": 0.75,
            "BiasX": 0.5
        },
        "x_max_y_max": {
            "name": "Livewire",
            "Drive": 0.8799999952316284,
            "Bass": 0.4099999666213989,
            "Mid": 0.8600000143051147,
            "Treble": 0.8399999141693115,
            "Presence": 0.6000000238418579,
            "ChVol": 0.8999999761581421,
            "Master": 0.8899999856948853,
            "Sag": 0.5,
            "Hum": 0.5,
            "Ripple": 0.5,
            "Bias": 0.75,
            "BiasX": 0.8600000143051147
        }
    }
}
