{
    "modelName": "GrammaticoLG Brt",
    "params": {
        "DriveNorm": {
            "id": 1,
            "behavior": "interpolate"
        },
        "DriveBright": {
            "id": 2,
            "behavior": "interpolate"
        },
        "Bass": {
            "id": 3,
            "behavior": "interpolate"
        },
        "Tone": {
            "id": 4,
            "behavior": "interpolate"
        },
        "Treble": {
            "id": 5,
            "behavior": "interpolate"
        },
        "ChVol": {
            "id": 6,
            "behavior": "interpolate"
        },
        "Master": {
            "id": 7,
            "behavior": "interpolate"
        },
        "Sag": {
            "id": 8,
            "behavior": "interpolate"
        },
        "Hum": {
            "id": 9,
            "behavior": "interpolate"
        },
        "Ripple": {
            "id": 10,
            "behavior": "interpolate"
        },
        "Bias": {
            "id": 11,
            "behavior": "interpolate"
        },
        "BiasX": {
            "id": 12,
            "behavior": "interpolate"
        }
    },
    "regions": {
        "origin": {
            "name": "GLG Brt",
            "DriveNorm": 0.0,
            "DriveBright": 0.5,
            "Bass": 0.5,
            "Tone": 0.7000000476837158,
            "Treble": 0.5,
            "ChVol": 0.75,
            "Master": 0.8299999237060547,
            "Sag": 0.5699999332427979,
            "Hum": 0.6499999761581421,
            "Ripple": 0.7599999904632568,
            "Bias": 0.4500000476837158,
            "BiasX": 0.4099999666213989
        },
        "x_min_y_min": {
            "name": "Clean",
            "DriveNorm": 0.0,
            "DriveBright": 0.13999998569488525,
            "Bass": 0.8299999237060547,
            "Tone": 0.4700000286102295,
            "Treble": 0.6499999761581421,
            "ChVol": 0.7100000381469727,
            "Master": 1.0,
            "Sag": 0.28999996185302734,
            "Hum": 0.31999993324279785,
            "Ripple": 0.31999993324279785,
            "Bias": 0.2999999523162842,
            "BiasX": 0.2999999523162842
        },
        "x_min_y_max": {
            "name": "Less Clean",
            "DriveNorm": 0.0,
            "DriveBright": 0.31999993324279785,
            "Bass": 0.6100000143051147,
            "Tone": 0.4700000286102295,
            "Treble": 0.6499999761581421,
            "ChVol": 0.7100000381469727,
            "Master": 0.8899999856948853,
            "Sag": 0.4099999666213989,
            "Hum": 0.38999998569488525,
            "Ripple": 0.4500000476837158,
            "Bias": 0.4500000476837158,
            "BiasX": 0.5
        },
        "x_max_y_min": {
            "name": "Less Lonely ",
            "DriveNorm": 0.0,
            "DriveBright": 0.75,
            "Bass": 0.7100000381469727,
            "Tone": 0.7000000476837158,
            "Treble": 0.7400000095367432,
            "ChVol": 0.7100000381469727,
            "Master": 0.8299999237060547,
            "Sag": 0.7100000381469727,
            "Hum": 0.5,
            "Ripple": 0.48000001907348633,
            "Bias": 0.7000000476837158,
            "BiasX": 0.4700000286102295
        },
        "x_max_y_max": {
            "name": "Lonely Dude",
            "DriveNorm": 0.75,
            "DriveBright": 0.9200000762939453,
            "Bass": 0.809999942779541,
            "Tone": 1.0,
            "Treble": 1.0,
            "ChVol": 0.559999942779541,
            "Master": 0.8399999141693115,
            "Sag": 0.9800000190734863,
            "Hum": 0.1499999761581421,
            "Ripple": 0.13999998569488525,
            "Bias": 0.9600000381469727,
            "BiasX": 0.5499999523162842
        }
    }
}
