{
    "modelName": "GrammaticoLG Nrm",
    "params": {
        "DriveNorm": {
            "id": 1,
            "behavior": "interpolate"
        },
        "DriveBright": {
            "id": 2,
            "behavior": "interpolate"
        },
        "Bass": {
            "id": 3,
            "behavior": "interpolate"
        },
        "Tone": {
            "id": 4,
            "behavior": "interpolate"
        },
        "Treble": {
            "id": 5,
            "behavior": "interpolate"
        },
        "ChVol": {
            "id": 6,
            "behavior": "interpolate"
        },
        "Master": {
            "id": 7,
            "behavior": "interpolate"
        },
        "Sag": {
            "id": 8,
            "behavior": "interpolate"
        },
        "Hum": {
            "id": 9,
            "behavior": "interpolate"
        },
        "Ripple": {
            "id": 10,
            "behavior": "interpolate"
        },
        "Bias": {
            "id": 11,
            "behavior": "interpolate"
        },
        "BiasX": {
            "id": 12,
            "behavior": "interpolate"
        }
    },
    "regions": {
        "origin": {
            "name": "GLG Nrm",
            "DriveNorm": 0.6499999761581421,
            "DriveBright": 0.0,
            "Bass": 0.5,
            "Tone": 0.8500000238418579,
            "Treble": 0.5,
            "ChVol": 0.75,
            "Master": 0.7899999618530273,
            "Sag": 0.5699999332427979,
            "Hum": 0.6499999761581421,
            "Ripple": 0.7599999904632568,
            "Bias": 0.8299999237060547,
            "BiasX": 0.4500000476837158
        },
        "x_min_y_min": {
            "name": "Cleanest",
            "DriveNorm": 0.10000002384185791,
            "DriveBright": 0.8500000238418579,
            "Bass": 0.8600000143051147,
            "Tone": 0.8500000238418579,
            "Treble": 0.8500000238418579,
            "ChVol": 0.91,
            "Master": 1.0,
            "Sag": 0.21000003814697266,
            "Hum": 0.21000003814697266,
            "Ripple": 0.20000004768371582,
            "Bias": 0.28999996185302734,
            "BiasX": 0.4500000476837158
        },
        "x_min_y_max": {
            "name": "Cleaner",
            "DriveNorm": 0.31999993324279785,
            "DriveBright": 0.1499999761581421,
            "Bass": 0.6600000858306885,
            "Tone": 0.8500000238418579,
            "Treble": 0.6299999952316284,
            "ChVol": 0.7100000381469727,
            "Master": 0.8999999761581421,
            "Sag": 0.309999942779541,
            "Hum": 0.3500000238418579,
            "Ripple": 0.3400000333786011,
            "Bias": 0.36000001430511475,
            "BiasX": 0.5299999713897705
        },
        "x_max_y_min": {
            "name": "Less Pushed",
            "DriveNorm": 0.809999942779541,
            "DriveBright": 0.0,
            "Bass": 0.4500000476837158,
            "Tone": 0.5,
            "Treble": 0.5,
            "ChVol": 0.7300000190734863,
            "Master": 0.7899999618530273,
            "Sag": 0.6800000667572021,
            "Hum": 0.5199999809265137,
            "Ripple": 0.5,
            "Bias": 0.5399999618530273,
            "BiasX": 0.5199999809265137
        },
        "x_max_y_max": {
            "name": "Pushed",
            "DriveNorm": 1.0,
            "DriveBright": 0.11000001430511475,
            "Bass": 0.5,
            "Tone": 0.1499999761581421,
            "Treble": 0.7899999618530273,
            "ChVol": 0.7699999809265137,
            "Master": 0.6000000238418579,
            "Sag": 0.8299999237060547,
            "Hum": 0.23000001907348633,
            "Ripple": 0.23000001907348633,
            "Bias": 0.25,
            "BiasX": 0.36000001430511475
        }
    }
}
