{
    "modelName": "Matchstick Ch1",
    "params": {
        "Ch1Drive": {
            "id": 1,
            "behavior": "interpolate"
        },
        "Bass": {
            "id": 2,
            "behavior": "interpolate"
        },
        "Cut": {
            "id": 3,
            "behavior": "interpolate"
        },
        "Treble": {
            "id": 4,
            "behavior": "interpolate"
        },
        "Presence": {
            "id": 5,
            "behavior": "interpolate"
        },
        "ChVol": {
            "id": 6,
            "behavior": "interpolate"
        },
        "Master": {
            "id": 7,
            "behavior": "interpolate"
        },
        "Sag": {
            "id": 8,
            "behavior": "interpolate"
        },
        "Hum": {
            "id": 9,
            "behavior": "interpolate"
        },
        "Ripple": {
            "id": 10,
            "behavior": "interpolate"
        },
        "Bias": {
            "id": 11,
            "behavior": "interpolate"
        },
        "BiasX": {
            "id": 12,
            "behavior": "interpolate"
        }
    },
    "regions": {
        "origin": {
            "name": "Chimey EOB",
            "Ch1Drive": 0.3400000333786011,
            "Bass": 0.2999999523162842,
            "Cut": 0.2799999713897705,
            "Treble": 0.3500000238418579,
            "Presence": 0.11000001430511475,
            "ChVol": 0.7000000476837158,
            "Master": 1.0,
            "Sag": 0.5799999237060547,
            "Hum": 0.0,
            "Ripple": 0.5,
            "Bias": 0.5499999523162842,
            "BiasX": 0.5
        },
        "x_min_y_min": {
            "name": "Clean",
            "Ch1Drive": 0.2200000286102295,
            "Bass": 0.48000001907348633,
            "Cut": 0.5399999618530273,
            "Treble": 0.23000001907348633,
            "Presence": 0.0,
            "ChVol": 0.7000000476837158,
            "Master": 1.0,
            "Sag": 0.5799999237060547,
            "Hum": 0.0,
            "Ripple": 0.5,
            "Bias": 0.5499999523162842,
            "BiasX": 0.5
        },
        "x_min_y_max": {
            "name": "Warm EOB",
            "Ch1Drive": 0.2999999523162842,
            "Bass": 0.559999942779541,
            "Cut": 0.6399999856948853,
            "Treble": 0.18000006675720215,
            "Presence": 0.0,
            "ChVol": 0.7000000476837158,
            "Master": 1.0,
            "Sag": 0.5799999237060547,
            "Hum": 0.0,
            "Ripple": 0.5,
            "Bias": 0.5499999523162842,
            "BiasX": 0.5
        },
        "x_max_y_min": {
            "name": "Cookin'",
            "Ch1Drive": 0.5499999523162842,
            "Bass": 0.5,
            "Cut": 0.75,
            "Treble": 0.3500000238418579,
            "Presence": 0.0,
            "ChVol": 0.7000000476837158,
            "Master": 1.0,
            "Sag": 0.5799999237060547,
            "Hum": 0.5,
            "Ripple": 0.5,
            "Bias": 0.5499999523162842,
            "BiasX": 0.5
        },
        "x_max_y_max": {
            "name": "Dimed",
            "Ch1Drive": 0.9600000381469727,
            "Bass": 0.440000057220459,
            "Cut": 0.6200000047683716,
            "Treble": 0.3500000238418579,
            "Presence": 0.11000001430511475,
            "ChVol": 0.62,
            "Master": 1.0,
            "Sag": 0.5799999237060547,
            "Hum": 0.0,
            "Ripple": 0.5,
            "Bias": 0.5499999523162842,
            "BiasX": 0.5
        }
    }
}
