{
    "modelName": "Mandarin Bass 200",
    "params": {
        "Gain": {
            "id": 1,
            "behavior": "interpolate"
        },
        "Bass": {
            "id": 2,
            "behavior": "interpolate"
        },
        "Middle": {
            "id": 3,
            "behavior": "interpolate"
        },
        "Treble": {
            "id": 4,
            "behavior": "interpolate"
        },
        "Master": {
            "id": 5,
            "behavior": "interpolate"
        },
        "ChVol": {
            "id": 6,
            "behavior": "interpolate"
        },
        "Sag": {
            "id": 7,
            "behavior": "interpolate"
        },
        "Hum": {
            "id": 8,
            "behavior": "interpolate"
        },
        "Ripple": {
            "id": 9,
            "behavior": "interpolate"
        },
        "Bias": {
            "id": 10,
            "behavior": "interpolate"
        },
        "BiasX": {
            "id": 11,
            "behavior": "interpolate"
        }
    },
    "regions": {
        "origin": {
            "name": "Crunch",
            "Gain": 0.23000001907348633,
            "Bass": 0.5499999523162842,
            "Middle": 0.6299999952316284,
            "Treble": 0.6499999761581421,
            "Master": 0.75,
            "ChVol": 0.7999999523162842,
            "Sag": 0.5,
            "Hum": 0.5,
            "Ripple": 0.5,
            "Bias": 0.7000000476837158,
            "BiasX": 0.2999999523162842
        },
        "x_min_y_min": {
            "name": "Tubey",
            "Gain": 0.11000001430511475,
            "Bass": 0.7799999713897705,
            "Middle": 0.7599999904632568,
            "Treble": 0.11000001430511475,
            "Master": 1.0,
            "ChVol": 1.0,
            "Sag": 0.8199999332427979,
            "Hum": 0.43000006675720215,
            "Ripple": 0.7000000476837158,
            "Bias": 0.48000001907348633,
            "BiasX": 0.0
        },
        "x_min_y_max": {
            "name": "Bright",
            "Gain": 0.33000004291534424,
            "Bass": 0.41999995708465576,
            "Middle": 0.4700000286102295,
            "Treble": 0.8999999761581421,
            "Master": 0.5,
            "ChVol": 0.7999999523162842,
            "Sag": 0.13999998569488525,
            "Hum": 0.0,
            "Ripple": 0.0,
            "Bias": 0.8999999761581421,
            "BiasX": 0.0
        },
        "x_max_y_min": {
            "name": "Scoop",
            "Gain": 0.15999996662139893,
            "Bass": 0.7200000286102295,
            "Middle": 0.19000005722045898,
            "Treble": 0.7000000476837158,
            "Master": 0.8899999856948853,
            "ChVol": 0.940000057220459,
            "Sag": 0.04999995231628418,
            "Hum": 0.0,
            "Ripple": 0.10000002384185791,
            "Bias": 1.0,
            "BiasX": 0.2999999523162842
        },
        "x_max_y_max": {
            "name": "Grind",
            "Gain": 0.6499999761581421,
            "Bass": 0.5,
            "Middle": 0.8299999237060547,
            "Treble": 0.46000003814697266,
            "Master": 0.24000000953674316,
            "ChVol": 0.9500000476837158,
            "Sag": 0.6700000762939453,
            "Hum": 0.38999998569488525,
            "Ripple": 0.8399999141693115,
            "Bias": 0.0,
            "BiasX": 0.20000004768371582
        }
    }
}
