{
    "modelName": "Moo)))n Jump",
    "params": {
        "BrtDrive": {
            "id": 1,
            "behavior": "interpolate"
        },
        "NrmDrive": {
            "id": 2,
            "behavior": "interpolate"
        },
        "Bass": {
            "id": 3,
            "behavior": "interpolate"
        },
        "Mid": {
            "id": 4,
            "behavior": "interpolate"
        },
        "Treble": {
            "id": 5,
            "behavior": "interpolate"
        },
        "ChVol": {
            "id": 6,
            "behavior": "interpolate"
        },
        "Presence": {
            "id": 7,
            "behavior": "interpolate"
        },
        "Master": {
            "id": 8,
            "behavior": "interpolate"
        },
        "Sag": {
            "id": 9,
            "behavior": "interpolate"
        },
        "Hum": {
            "id": 10,
            "behavior": "interpolate"
        },
        "Ripple": {
            "id": 11,
            "behavior": "interpolate"
        },
        "Bias": {
            "id": 12,
            "behavior": "interpolate"
        },
        "BiasX": {
            "id": 13,
            "behavior": "interpolate"
        }
    },
    "regions": {
        "origin": {
            "name": "Crunchy",
            "BrtDrive": 0.7999999523162842,
            "NrmDrive": 0.6600000858306885,
            "Bass": 0.3999999761581421,
            "Mid": 0.3500000238418579,
            "Treble": 0.6499999761581421,
            "ChVol": 0.7999999523162842,
            "Presence": 0.6399999856948853,
            "Master": 0.3999999761581421,
            "Sag": 0.5,
            "Hum": 0.5,
            "Ripple": 0.5,
            "Bias": 0.31999993324279785,
            "BiasX": 0.5
        },
        "x_min_y_min": {
            "name": "Clean",
            "BrtDrive": 0.059999942779541016,
            "NrmDrive": 0.21000003814697266,
            "Bass": 0.6000000238418579,
            "Mid": 0.5199999809265137,
            "Treble": 0.6200000047683716,
            "ChVol": 1.0,
            "Presence": 0.6499999761581421,
            "Master": 0.6200000047683716,
            "Sag": 0.3999999761581421,
            "Hum": 0.5,
            "Ripple": 0.5,
            "Bias": 0.41999995708465576,
            "BiasX": 0.36000001430511475
        },
        "x_min_y_max": {
            "name": "Bright",
            "BrtDrive": 0.6000000238418579,
            "NrmDrive": 0.46000003814697266,
            "Bass": 0.4700000286102295,
            "Mid": 0.7300000190734863,
            "Treble": 0.33000004291534424,
            "ChVol": 0.7300000190734863,
            "Presence": 0.3999999761581421,
            "Master": 0.5099999904632568,
            "Sag": 0.4099999666213989,
            "Hum": 0.5,
            "Ripple": 0.5,
            "Bias": 0.5,
            "BiasX": 0.5
        },
        "x_max_y_min": {
            "name": "Focused",
            "BrtDrive": 0.6100000143051147,
            "NrmDrive": 0.8299999237060547,
            "Bass": 0.6000000238418579,
            "Mid": 0.8799999952316284,
            "Treble": 0.6000000238418579,
            "ChVol": 0.7,
            "Presence": 0.9300000667572021,
            "Master": 0.41999995708465576,
            "Sag": 0.3999999761581421,
            "Hum": 0.5,
            "Ripple": 0.5,
            "Bias": 0.41999995708465576,
            "BiasX": 0.36000001430511475
        },
        "x_max_y_max": {
            "name": "Heavy",
            "BrtDrive": 0.5,
            "NrmDrive": 0.9700000286102295,
            "Bass": 0.809999942779541,
            "Mid": 0.5099999904632568,
            "Treble": 0.7200000286102295,
            "ChVol": 0.7,
            "Presence": 0.5699999332427979,
            "Master": 0.8199999332427979,
            "Sag": 0.4099999666213989,
            "Hum": 0.5,
            "Ripple": 0.5,
            "Bias": 0.5,
            "BiasX": 0.5
        }
    }
}
