{
    "modelName": "Soup Pro",
    "params": {
        "Drive": {
            "id": 1,
            "behavior": "interpolate"
        },
        "Bass": {
            "id": 2,
            "behavior": "interpolate"
        },
        "Tone": {
            "id": 3,
            "behavior": "interpolate"
        },
        "Treble": {
            "id": 4,
            "behavior": "interpolate"
        },
        "Presence": {
            "id": 5,
            "behavior": "interpolate"
        },
        "ChVol": {
            "id": 6,
            "behavior": "interpolate"
        },
        "Master": {
            "id": 7,
            "behavior": "interpolate"
        },
        "Sag": {
            "id": 8,
            "behavior": "interpolate"
        },
        "Hum": {
            "id": 9,
            "behavior": "interpolate"
        },
        "Ripple": {
            "id": 10,
            "behavior": "interpolate"
        },
        "Bias": {
            "id": 11,
            "behavior": "interpolate"
        },
        "BiasX": {
            "id": 12,
            "behavior": "interpolate"
        }
    },
    "regions": {
        "origin": {
            "name": "Balanced",
            "Drive": 0.6100000143051147,
            "Bass": 0.75,
            "Tone": 0.9200000762939453,
            "Treble": 0.5099999904632568,
            "Presence": 0.5299999713897705,
            "ChVol": 0.6399999856948853,
            "Master": 1.0,
            "Sag": 0.5,
            "Hum": 0.5,
            "Ripple": 0.5,
            "Bias": 0.5,
            "BiasX": 0.5
        },
        "x_min_y_min": {
            "name": "Small",
            "Drive": 0.36000001430511475,
            "Bass": 0.5,
            "Tone": 0.7899999618530273,
            "Treble": 0.48000001907348633,
            "Presence": 0.5499999523162842,
            "ChVol": 0.6399999856948853,
            "Master": 1.0,
            "Sag": 0.5,
            "Hum": 0.5,
            "Ripple": 0.5,
            "Bias": 0.5,
            "BiasX": 0.5
        },
        "x_min_y_max": {
            "name": "Fat",
            "Drive": 1.0,
            "Bass": 0.6100000143051147,
            "Tone": 0.36000001430511475,
            "Treble": 0.0,
            "Presence": 1.0,
            "ChVol": 0.940000057220459,
            "Master": 0.5799999237060547,
            "Sag": 0.49000000953674316,
            "Hum": 0.5,
            "Ripple": 0.5,
            "Bias": 0.5,
            "BiasX": 0.7799999713897705
        },
        "x_max_y_min": {
            "name": "Lead",
            "Drive": 1.0,
            "Bass": 1.0,
            "Tone": 1.0,
            "Treble": 1.0,
            "Presence": 1.0,
            "ChVol": 0.66,
            "Master": 1.0,
            "Sag": 1.0,
            "Hum": 0.5,
            "Ripple": 0.5,
            "Bias": 0.5,
            "BiasX": 0.75
        },
        "x_max_y_max": {
            "name": "Explode",
            "Drive": 1.0,
            "Bass": 1.0,
            "Tone": 1.0,
            "Treble": 1.0,
            "Presence": 1.0,
            "ChVol": 0.6,
            "Master": 1.0,
            "Sag": 1.0,
            "Hum": 0.5,
            "Ripple": 0.5,
            "Bias": 0.0,
            "BiasX": 1.0
        }
    }
}
