{
    "modelName": "Tweed Blues Nrm",
    "params": {
        "Drive": {
            "id": 1,
            "behavior": "interpolate"
        },
        "Bass": {
            "id": 2,
            "behavior": "interpolate"
        },
        "Mid": {
            "id": 3,
            "behavior": "interpolate"
        },
        "Treble": {
            "id": 4,
            "behavior": "interpolate"
        },
        "Presence": {
            "id": 5,
            "behavior": "interpolate"
        },
        "ChVol": {
            "id": 6,
            "behavior": "interpolate"
        },
        "Master": {
            "id": 7,
            "behavior": "interpolate"
        },
        "Sag": {
            "id": 8,
            "behavior": "interpolate"
        },
        "Hum": {
            "id": 9,
            "behavior": "interpolate"
        },
        "Ripple": {
            "id": 10,
            "behavior": "interpolate"
        },
        "Bias": {
            "id": 11,
            "behavior": "interpolate"
        },
        "BiasX": {
            "id": 12,
            "behavior": "interpolate"
        }
    },
    "regions": {
        "origin": {
            "name": "The Sweet Spot",
            "Drive": 0.3799999952316284,
            "Bass": 0.3400000333786011,
            "Mid": 0.5699999332427979,
            "Treble": 0.7000000476837158,
            "Presence": 0.4700000286102295,
            "ChVol": 0.8500000238418579,
            "Master": 1.0,
            "Sag": 0.5,
            "Hum": 0.5,
            "Ripple": 0.5,
            "Bias": 0.5699999332427979,
            "BiasX": 0.5
        },
        "x_min_y_min": {
            "name": "Warm & Clean",
            "Drive": 0.25999999046325684,
            "Bass": 0.5,
            "Mid": 0.440000057220459,
            "Treble": 0.6000000238418579,
            "Presence": 0.36000001430511475,
            "ChVol": 0.8999999761581421,
            "Master": 0.8299999237060547,
            "Sag": 0.5,
            "Hum": 0.5,
            "Ripple": 0.5,
            "Bias": 0.3999999761581421,
            "BiasX": 0.5
        },
        "x_min_y_max": {
            "name": "Bright Scoop",
            "Drive": 0.25,
            "Bass": 0.559999942779541,
            "Mid": 0.3400000333786011,
            "Treble": 0.7000000476837158,
            "Presence": 0.5699999332427979,
            "ChVol": 0.8399999141693115,
            "Master": 1.0,
            "Sag": 0.5,
            "Hum": 0.5,
            "Ripple": 0.5,
            "Bias": 0.5699999332427979,
            "BiasX": 0.5
        },
        "x_max_y_min": {
            "name": "Old School Push",
            "Drive": 0.6299999952316284,
            "Bass": 0.38999998569488525,
            "Mid": 0.6200000047683716,
            "Treble": 0.8399999141693115,
            "Presence": 0.5299999713897705,
            "ChVol": 0.8799999952316284,
            "Master": 1.0,
            "Sag": 0.5,
            "Hum": 0.5,
            "Ripple": 0.5,
            "Bias": 0.5699999332427979,
            "BiasX": 0.5
        },
        "x_max_y_max": {
            "name": "Set To Stun",
            "Drive": 0.9500000476837158,
            "Bass": 0.440000057220459,
            "Mid": 0.7400000095367432,
            "Treble": 1.0,
            "Presence": 0.6600000858306885,
            "ChVol": 0.8899999856948853,
            "Master": 1.0,
            "Sag": 0.5,
            "Hum": 0.5,
            "Ripple": 0.5,
            "Bias": 0.5699999332427979,
            "BiasX": 0.5
        }
    }
}
