{
    "modelName": "US Super Vib",
    "params": {
        "Drive": {
            "id": 1,
            "behavior": "interpolate"
        },
        "Bass": {
            "id": 2,
            "behavior": "interpolate"
        },
        "Mid": {
            "id": 3,
            "behavior": "interpolate"
        },
        "Treble": {
            "id": 4,
            "behavior": "interpolate"
        },
        "Presence": {
            "id": 5,
            "behavior": "interpolate"
        },
        "ChVol": {
            "id": 6,
            "behavior": "interpolate"
        },
        "Master": {
            "id": 7,
            "behavior": "interpolate"
        },
        "Sag": {
            "id": 8,
            "behavior": "interpolate"
        },
        "Hum": {
            "id": 9,
            "behavior": "interpolate"
        },
        "Ripple": {
            "id": 10,
            "behavior": "interpolate"
        },
        "Bias": {
            "id": 11,
            "behavior": "interpolate"
        },
        "BiasX": {
            "id": 12,
            "behavior": "interpolate"
        },
        "Bright": {
            "id": 13,
            "behavior": "quantize"
        }
    },
    "regions": {
        "origin": {
            "name": "EOB",
            "Drive": 0.5299999713897705,
            "Bass": 0.36000001430511475,
            "Mid": 0.31999993324279785,
            "Treble": 0.43000006675720215,
            "Presence": 0.10000002384185791,
            "ChVol": 0.75,
            "Master": 1.0,
            "Sag": 0.5,
            "Hum": 0.16999995708465576,
            "Ripple": 0.5,
            "Bias": 0.5,
            "BiasX": 0.5,
            "Bright": false
        },
        "x_min_y_min": {
            "name": "Round Clean",
            "Drive": 0.49000000953674316,
            "Bass": 0.36000001430511475,
            "Mid": 0.3400000333786011,
            "Treble": 0.5299999713897705,
            "Presence": 0.10000002384185791,
            "ChVol": 0.75,
            "Master": 1.0,
            "Sag": 0.5,
            "Hum": 0.16999995708465576,
            "Ripple": 0.5,
            "Bias": 0.5,
            "BiasX": 0.5,
            "Bright": false
        },
        "x_min_y_max": {
            "name": "Snappy Clean",
            "Drive": 0.3999999761581421,
            "Bass": 0.309999942779541,
            "Mid": 0.31999993324279785,
            "Treble": 0.4099999666213989,
            "Presence": 0.10000002384185791,
            "ChVol": 0.75,
            "Master": 1.0,
            "Sag": 0.5,
            "Hum": 0.16999995708465576,
            "Ripple": 0.5,
            "Bias": 0.5,
            "BiasX": 0.5,
            "Bright": true
        },
        "x_max_y_min": {
            "name": "Dirty",
            "Drive": 0.690000057220459,
            "Bass": 0.36000001430511475,
            "Mid": 0.31999993324279785,
            "Treble": 0.23000001907348633,
            "Presence": 0.10000002384185791,
            "ChVol": 0.75,
            "Master": 1.0,
            "Sag": 0.5,
            "Hum": 0.5,
            "Ripple": 0.5,
            "Bias": 0.5,
            "BiasX": 0.5,
            "Bright": true
        },
        "x_max_y_max": {
            "name": "Dimed",
            "Drive": 1.0,
            "Bass": 0.36000001430511475,
            "Mid": 0.6399999856948853,
            "Treble": 0.36000001430511475,
            "Presence": 0.10000002384185791,
            "ChVol": 0.65,
            "Master": 1.0,
            "Sag": 0.5,
            "Hum": 0.5,
            "Ripple": 0.5,
            "Bias": 0.5,
            "BiasX": 0.5,
            "Bright": false
        }
    }
}
