{
    "modelName": "Ampeg Opto Comp",
    "params": {
        "Compression": {
            "id": 1,
            "behavior": "interpolate"
        },
        "Release": {
            "id": 2,
            "behavior": "interpolate"
        },
        "Blend": {
            "id": 3,
            "behavior": "interpolate"
        },
        "Level": {
            "id": 4,
            "behavior": "interpolate"
        }
    },
    "regions": {
        "origin": {
            "name": "Smooth",
            "Compression": 0.5,
            "Release": 0.25,
            "Blend": 1.0,
            "Level": 0.75
        },
        "x_min_y_min": {
            "name": "Sustain",
            "Compression": 0.10000002384185791,
            "Release": 1.0,
            "Blend": 0.5,
            "Level": 0.5
        },
        "x_min_y_max": {
            "name": "Punch",
            "Compression": 0.7000000476837158,
            "Release": 0.10000002384185791,
            "Blend": 0.7000000476837158,
            "Level": 0.6000000238418579
        },
        "x_max_y_min": {
            "name": "Bright",
            "Compression": 0.2999999523162842,
            "Release": 0.20000004768371582,
            "Blend": 0.7999999523162842,
            "Level": 0.6000000238418579
        },
        "x_max_y_max": {
            "name": "Squash",
            "Compression": 0.9500000476837158,
            "Release": 0.7999999523162842,
            "Blend": 0.9500000476837158,
            "Level": 0.8999999761581421
        }
    }
}
