{
    "modelName": "Rochester Comp",
    "params": {
        "Gain": {
            "id": 1,
            "behavior": "interpolate"
        },
        "Threshold": {
            "id": 2,
            "behavior": "interpolate"
        },
        "Ratio": {
            "id": 3,
            "behavior": "interpolate"
        },
        "Attack": {
            "id": 4,
            "behavior": "interpolate"
        },
        "Release": {
            "id": 5,
            "behavior": "interpolate"
        },
        "Level": {
            "id": 6,
            "behavior": "interpolate"
        },
        "Knee": {
            "id": 7,
            "behavior": "interpolate"
        },
        "Mix": {
            "id": 8,
            "behavior": "interpolate"
        }
    },
    "regions": {
        "origin": {
            "name": "Moderate",
            "Gain": 3.0,
            "Threshold": -24.0,
            "Ratio": 10.0,
            "Attack": 0.009999990463256836,
            "Release": 0.10000002384185791,
            "Level": 11.0,
            "Knee": 0.0,
            "Mix": 1.0
        },
        "x_min_y_min": {
            "name": "Limit",
            "Gain": 0.0,
            "Threshold": -4.0,
            "Ratio": 40.0,
            "Attack": 0.00010001659393310547,
            "Release": 0.20000004768371582,
            "Level": 0.0,
            "Knee": 0.0,
            "Mix": 1.0
        },
        "x_min_y_max": {
            "name": "Parallel",
            "Gain": -1.0,
            "Threshold": -31.700000762939453,
            "Ratio": 35.0,
            "Attack": 0.014999985694885254,
            "Release": 0.2549999952316284,
            "Level": 7.0,
            "Knee": 1.0,
            "Mix": 0.5499999523162842
        },
        "x_max_y_min": {
            "name": "Evened",
            "Gain": 0.0,
            "Threshold": -24.0,
            "Ratio": 7.0,
            "Attack": 0.004000067710876465,
            "Release": 0.9000000953674316,
            "Level": 13.0,
            "Knee": 2.0,
            "Mix": 0.9500000476837158
        },
        "x_max_y_max": {
            "name": "Crush",
            "Gain": 7.0,
            "Threshold": -37.099998474121094,
            "Ratio": 40.0,
            "Attack": 0.001000046730041504,
            "Release": 2.0,
            "Level": 17.5,
            "Knee": 1.5,
            "Mix": 0.7999999523162842
        }
    }
}
