{
    "modelName": "Chorus",
    "params": {
        "Speed": {
            "id": 1,
            "behavior": "interpolate"
        },
        "Depth": {
            "id": 2,
            "behavior": "interpolate"
        },
        "Predelay": {
            "id": 3,
            "behavior": "interpolate"
        },
        "WaveShape": {
            "id": 4,
            "behavior": "quantize"
        },
        "Tone": {
            "id": 5,
            "behavior": "interpolate"
        },
        "Spread": {
            "id": 6,
            "behavior": "interpolate"
        },
        "Mix": {
            "id": 7,
            "behavior": "interpolate"
        },
        "Level": {
            "id": 8,
            "behavior": "interpolate"
        },
        "SyncSelect1": {
            "id": 9,
            "behavior": "quantize"
        },
        "TempoSync1": {
            "id": 10,
            "behavior": "quantize"
        }
    },
    "regions": {
        "origin": {
            "name": "Lush",
            "Speed": 0.3500000238418579,
            "Depth": 0.5,
            "Predelay": 0.4500000476837158,
            "WaveShape": 3,
            "Tone": 0.440000057220459,
            "Spread": 1.0,
            "Mix": 0.5399999618530273,
            "Level": 0.7000007629394531,
            "SyncSelect1": 6,
            "TempoSync1": false
        },
        "x_min_y_min": {
            "name": "Just A Little",
            "Speed": 0.20000004768371582,
            "Depth": 0.3700000047683716,
            "Predelay": 0.15999996662139893,
            "WaveShape": 3,
            "Tone": 0.3700000047683716,
            "Spread": 1.0,
            "Mix": 0.2999999523162842,
            "Level": 0.7000007629394531,
            "SyncSelect1": 6,
            "TempoSync1": false
        },
        "x_min_y_max": {
            "name": "Almost Vibrato",
            "Speed": 0.8299999237060547,
            "Depth": 0.31999993324279785,
            "Predelay": 0.5499999523162842,
            "WaveShape": 2,
            "Tone": 0.5,
            "Spread": 1.0,
            "Mix": 0.7000000476837158,
            "Level": 0.0,
            "SyncSelect1": 6,
            "TempoSync1": false
        },
        "x_max_y_min": {
            "name": "ChoppyChorus",
            "Speed": 0.6200000047683716,
            "Depth": 0.46000003814697266,
            "Predelay": 0.5299999713897705,
            "WaveShape": 4,
            "Tone": 0.33000004291534424,
            "Spread": 0.7599999904632568,
            "Mix": 0.9600000381469727,
            "Level": 0.0,
            "SyncSelect1": 6,
            "TempoSync1": false
        },
        "x_max_y_max": {
            "name": "ThisGetsWeird",
            "Speed": 0.75,
            "Depth": 1.0,
            "Predelay": 0.49000000953674316,
            "WaveShape": 6,
            "Tone": 0.33000004291534424,
            "Spread": 1.0,
            "Mix": 0.7599999904632568,
            "Level": 0.0,
            "SyncSelect1": 6,
            "TempoSync1": false
        }
    }
}
