{
    "modelName": "Analog Flanger",
    "params": {
        "Speed": {
            "id": 1,
            "behavior": "interpolate"
        },
        "Depth": {
            "id": 2,
            "behavior": "interpolate"
        },
        "Feedback": {
            "id": 3,
            "behavior": "interpolate"
        },
        "Manual": {
            "id": 4,
            "behavior": "interpolate"
        },
        "Mix": {
            "id": 5,
            "behavior": "interpolate"
        },
        "Level": {
            "id": 6,
            "behavior": "interpolate"
        },
        "SyncSelect1": {
            "id": 7,
            "behavior": "quantize"
        },
        "TempoSync1": {
            "id": 8,
            "behavior": "quantize"
        }
    },
    "regions": {
        "origin": {
            "name": "Steady Flange",
            "Speed": 0.7999999523162842,
            "Depth": 0.3999999761581421,
            "Feedback": 0.2999999523162842,
            "Manual": 0.6499999761581421,
            "Mix": 1.0,
            "Level": 0.20000076293945312,
            "SyncSelect1": 6,
            "TempoSync1": false
        },
        "x_min_y_min": {
            "name": "Slow Climb",
            "Speed": 0.5,
            "Depth": 0.5,
            "Feedback": 0.0,
            "Manual": 0.7999999523162842,
            "Mix": 0.9500000476837158,
            "Level": 0.20000076293945312,
            "SyncSelect1": 6,
            "TempoSync1": false
        },
        "x_min_y_max": {
            "name": "Pulsing",
            "Speed": 1.5,
            "Depth": 0.5,
            "Feedback": 0.5099999904632568,
            "Manual": 0.7000000476837158,
            "Mix": 1.0,
            "Level": 0.20000076293945312,
            "SyncSelect1": 6,
            "TempoSync1": false
        },
        "x_max_y_min": {
            "name": "Fast Vib",
            "Speed": 6.599999904632568,
            "Depth": 0.21000003814697266,
            "Feedback": 0.7100000381469727,
            "Manual": 0.7000000476837158,
            "Mix": 0.8500000238418579,
            "Level": 0.20000076293945312,
            "SyncSelect1": 6,
            "TempoSync1": false
        },
        "x_max_y_max": {
            "name": "Fast Pulse",
            "Speed": 3.5,
            "Depth": 0.3500000238418579,
            "Feedback": 0.75,
            "Manual": 0.2999999523162842,
            "Mix": 1.0,
            "Level": -0.7000007629394531,
            "SyncSelect1": 6,
            "TempoSync1": false
        }
    }
}
