{
    "modelName": "Tri Chorus",
    "params": {
        "Speed": {
            "id": 1,
            "behavior": "interpolate"
        },
        "Depth1": {
            "id": 2,
            "behavior": "interpolate"
        },
        "Depth2": {
            "id": 3,
            "behavior": "interpolate"
        },
        "Depth3": {
            "id": 4,
            "behavior": "interpolate"
        },
        "Mix": {
            "id": 5,
            "behavior": "interpolate"
        },
        "Level": {
            "id": 6,
            "behavior": "interpolate"
        },
        "SyncSelect1": {
            "id": 14,
            "behavior": "quantize"
        },
        "TempoSync1": {
            "id": 15,
            "behavior": "quantize"
        }
    },
    "regions": {
        "origin": {
            "name": "Doubler",
            "Speed": 1.5,
            "Depth1": 0.3500000238418579,
            "Depth2": 0.3999999761581421,
            "Depth3": 0.31999993324279785,
            "Mix": 0.6499999761581421,
            "Level": 0.10000228881835938,
            "SyncSelect1": 6,
            "TempoSync1": false
        },
        "x_min_y_min": {
            "name": "Width",
            "Speed": 0.7000000476837158,
            "Depth1": 0.3500000238418579,
            "Depth2": 0.3999999761581421,
            "Depth3": 0.31999993324279785,
            "Mix": 0.5,
            "Level": 0.10000228881835938,
            "SyncSelect1": 6,
            "TempoSync1": false
        },
        "x_min_y_max": {
            "name": "Tape Mod",
            "Speed": 3.0,
            "Depth1": 0.6000000238418579,
            "Depth2": 0.4500000476837158,
            "Depth3": 0.33000004291534424,
            "Mix": 0.7999999523162842,
            "Level": 0.10000228881835938,
            "SyncSelect1": 6,
            "TempoSync1": false
        },
        "x_max_y_min": {
            "name": "Lo-Fi Mod",
            "Speed": 2.5,
            "Depth1": 0.3799999952316284,
            "Depth2": 0.559999942779541,
            "Depth3": 0.690000057220459,
            "Mix": 0.8500000238418579,
            "Level": 0.10000228881835938,
            "SyncSelect1": 6,
            "TempoSync1": false
        },
        "x_max_y_max": {
            "name": "Shake",
            "Speed": 8.5,
            "Depth1": 0.6000000238418579,
            "Depth2": 0.7599999904632568,
            "Depth3": 0.8500000238418579,
            "Mix": 0.9500000476837158,
            "Level": 0.10000228881835938,
            "SyncSelect1": 6,
            "TempoSync1": false
        }
    }
}
