{
    "modelName": "Sweeper",
    "params": {
        "Speed": {
            "id": 1,
            "behavior": "interpolate"
        },
        "Depth": {
            "id": 2,
            "behavior": "interpolate"
        },
        "Q": {
            "id": 3,
            "behavior": "interpolate"
        },
        "Range": {
            "id": 4,
            "behavior": "interpolate"
        },
        "Mix": {
            "id": 5,
            "behavior": "interpolate"
        },
        "Level": {
            "id": 6,
            "behavior": "interpolate"
        },
        "SyncSelect1": {
            "id": 9,
            "behavior": "quantize"
        },
        "TempoSync1": {
            "id": 10,
            "behavior": "quantize"
        }
    },
    "regions": {
        "origin": {
            "name": "Steady Sweep",
            "Speed": 0.7999999523162842,
            "Depth": 0.7599999904632568,
            "Q": 0.1499999761581421,
            "Range": 0.5,
            "Mix": 0.6000000238418579,
            "Level": 0.0,
            "SyncSelect1": 6,
            "TempoSync1": false
        },
        "x_min_y_min": {
            "name": "Subtle Wow",
            "Speed": 0.5,
            "Depth": 0.49000000953674316,
            "Q": 0.7400000095367432,
            "Range": 0.3999999761581421,
            "Mix": 0.5499999523162842,
            "Level": 0.0,
            "SyncSelect1": 6,
            "TempoSync1": false
        },
        "x_min_y_max": {
            "name": "Pulse Sweep",
            "Speed": 1.7000000476837158,
            "Depth": 0.6000000238418579,
            "Q": 0.3999999761581421,
            "Range": 0.7000000476837158,
            "Mix": 0.6499999761581421,
            "Level": 0.0,
            "SyncSelect1": 6,
            "TempoSync1": false
        },
        "x_max_y_min": {
            "name": "Fast Sweep",
            "Speed": 5.5,
            "Depth": 0.5,
            "Q": 0.20000004768371582,
            "Range": 0.7999999523162842,
            "Mix": 0.6000000238418579,
            "Level": 0.0,
            "SyncSelect1": 6,
            "TempoSync1": false
        },
        "x_max_y_max": {
            "name": "Deep Sweep",
            "Speed": 3.0,
            "Depth": 1.0,
            "Q": 0.7000000476837158,
            "Range": 0.3999999761581421,
            "Mix": 0.75,
            "Level": 0.0,
            "SyncSelect1": 6,
            "TempoSync1": false
        }
    }
}
