{
    "modelName": "Simple Delay",
    "params": {
        "Time": {
            "id": 1,
            "behavior": "interpolate"
        },
        "Feedback": {
            "id": 2,
            "behavior": "interpolate"
        },
        "Mix": {
            "id": 3,
            "behavior": "interpolate"
        },
        "Level": {
            "id": 4,
            "behavior": "interpolate"
        },
        "Scale": {
            "id": 5,
            "behavior": "interpolate"
        },
        "SyncSelect1": {
            "id": 10,
            "behavior": "quantize"
        },
        "TempoSync1": {
            "id": 11,
            "behavior": "quantize"
        }
    },
    "regions": {
        "origin": {
            "name": "Tap Me In",
            "Time": 0.0820000171661377,
            "Feedback": 0.3999999761581421,
            "Mix": 0.25999999046325684,
            "Level": 0.0,
            "Scale": 1.0,
            "SyncSelect1": 6,
            "TempoSync1": true
        },
        "x_min_y_min": {
            "name": "Simple Slap",
            "Time": 0.0820000171661377,
            "Feedback": 0.19000005722045898,
            "Mix": 0.2999999523162842,
            "Level": 0.0,
            "Scale": 1.0,
            "SyncSelect1": 6,
            "TempoSync1": false
        },
        "x_min_y_max": {
            "name": "Long-ish Delay",
            "Time": 0.4809999465942383,
            "Feedback": 0.4500000476837158,
            "Mix": 0.19000005722045898,
            "Level": 0.0,
            "Scale": 1.0,
            "SyncSelect1": 8,
            "TempoSync1": false
        },
        "x_max_y_min": {
            "name": "Rhythmic Dual",
            "Time": 0.0820000171661377,
            "Feedback": 0.5499999523162842,
            "Mix": 0.3500000238418579,
            "Level": 0.0,
            "Scale": 0.6600000858306885,
            "SyncSelect1": 8,
            "TempoSync1": true
        },
        "x_max_y_max": {
            "name": "Goes On Forever",
            "Time": 0.0820000171661377,
            "Feedback": 0.8500000238418579,
            "Mix": 0.3999999761581421,
            "Level": 0.0,
            "Scale": 0.5,
            "SyncSelect1": 6,
            "TempoSync1": true
        }
    }
}
