{
    "modelName": "US Deluxe Nrm",
    "params": {
        "Drive": {
            "id": 1,
            "behavior": "interpolate"
        },
        "Bass": {
            "id": 2,
            "behavior": "interpolate"
        },
        "Mid": {
            "id": 3,
            "behavior": "interpolate"
        },
        "Treble": {
            "id": 4,
            "behavior": "interpolate"
        },
        "Master": {
            "id": 5,
            "behavior": "interpolate"
        },
        "ChVol": {
            "id": 6,
            "behavior": "interpolate"
        },
        "Sag": {
            "id": 7,
            "behavior": "interpolate"
        },
        "Hum": {
            "id": 8,
            "behavior": "interpolate"
        }
    },
    "regions": {
        "origin": {
            "name": "Warm EOB",
            "Drive": 0.4500000476837158,
            "Bass": 0.5699999332427979,
            "Mid": 0.48000001907348633,
            "Treble": 0.6100000143051147,
            "Master": 1.0,
            "ChVol": 0.8999999761581421,
            "Sag": 0.5,
            "Hum": 0.5
        },
        "x_min_y_min": {
            "name": "Clean",
            "Drive": 0.33000004291534424,
            "Bass": 0.6399999856948853,
            "Mid": 0.5,
            "Treble": 0.6600000858306885,
            "Master": 1.0,
            "ChVol": 0.8999999761581421,
            "Sag": 0.5,
            "Hum": 0.5
        },
        "x_min_y_max": {
            "name": "Super Scoop",
            "Drive": 0.3700000047683716,
            "Bass": 0.7000000476837158,
            "Mid": 0.2999999523162842,
            "Treble": 0.7300000190734863,
            "Master": 1.0,
            "ChVol": 0.8999999761581421,
            "Sag": 0.5,
            "Hum": 0.5
        },
        "x_max_y_min": {
            "name": "Pretty Driven",
            "Drive": 0.7000000476837158,
            "Bass": 0.43000006675720215,
            "Mid": 0.49000000953674316,
            "Treble": 0.7000000476837158,
            "Master": 1.0,
            "ChVol": 0.8500000238418579,
            "Sag": 0.5,
            "Hum": 0.5
        },
        "x_max_y_max": {
            "name": "Cranked",
            "Drive": 1.0,
            "Bass": 0.5199999809265137,
            "Mid": 0.7000000476837158,
            "Treble": 1.0,
            "Master": 1.0,
            "ChVol": 0.71,
            "Sag": 0.5,
            "Hum": 0.5
        }
    }
}
