{
    "modelName": "Essex A30",
    "params": {
        "Drive": {
            "id": 1,
            "behavior": "interpolate"
        },
        "Bass": {
            "id": 2,
            "behavior": "interpolate"
        },
        "Treble": {
            "id": 3,
            "behavior": "interpolate"
        },
        "Master": {
            "id": 4,
            "behavior": "interpolate"
        },
        "Sag": {
            "id": 5,
            "behavior": "interpolate"
        },
        "ChVol": {
            "id": 6,
            "behavior": "interpolate"
        },
        "Hum": {
            "id": 7,
            "behavior": "interpolate"
        }
    },
    "regions": {
        "origin": {
            "name": "EOB",
            "Drive": 0.4500000476837158,
            "Bass": 0.440000057220459,
            "Treble": 0.5899999141693115,
            "Master": 1.0,
            "Sag": 0.5,
            "ChVol": 0.7999999523162842,
            "Hum": 0.5
        },
        "x_min_y_min": {
            "name": "Warm Clean",
            "Drive": 0.33000004291534424,
            "Bass": 0.559999942779541,
            "Treble": 0.5299999713897705,
            "Master": 1.0,
            "Sag": 0.5,
            "ChVol": 0.7999999523162842,
            "Hum": 0.5
        },
        "x_min_y_max": {
            "name": "Jangle",
            "Drive": 0.3999999761581421,
            "Bass": 0.31999993324279785,
            "Treble": 0.7000000476837158,
            "Master": 1.0,
            "Sag": 0.5,
            "ChVol": 0.7999999523162842,
            "Hum": 0.5
        },
        "x_max_y_min": {
            "name": "Pushed",
            "Drive": 0.6000000238418579,
            "Bass": 0.2799999713897705,
            "Treble": 0.5899999141693115,
            "Master": 1.0,
            "Sag": 0.5,
            "ChVol": 0.65,
            "Hum": 0.5
        },
        "x_max_y_max": {
            "name": "Dimed",
            "Drive": 1.0,
            "Bass": 0.2999999523162842,
            "Treble": 0.7899999618530273,
            "Master": 1.0,
            "Sag": 0.5,
            "ChVol": 0.65,
            "Hum": 0.5
        }
    }
}
