{
    "modelName": "US Super Norm",
    "params": {
        "Drive": {
            "id": 1,
            "behavior": "interpolate"
        },
        "Bass": {
            "id": 2,
            "behavior": "interpolate"
        },
        "Mid": {
            "id": 3,
            "behavior": "interpolate"
        },
        "Treble": {
            "id": 4,
            "behavior": "interpolate"
        },
        "Master": {
            "id": 5,
            "behavior": "interpolate"
        },
        "ChVol": {
            "id": 6,
            "behavior": "interpolate"
        },
        "Sag": {
            "id": 7,
            "behavior": "interpolate"
        },
        "Hum": {
            "id": 8,
            "behavior": "interpolate"
        },
        "Bright": {
            "id": 9,
            "behavior": "quantize"
        }
    },
    "regions": {
        "origin": {
            "name": "Round Cln",
            "Drive": 0.5799999237060547,
            "Bass": 0.5,
            "Mid": 0.6700000762939453,
            "Treble": 0.6000000238418579,
            "Master": 1.0,
            "ChVol": 0.7699999809265137,
            "Sag": 0.5,
            "Hum": 0.5,
            "Bright": false
        },
        "x_min_y_min": {
            "name": "Super Cln",
            "Drive": 0.4500000476837158,
            "Bass": 0.3500000238418579,
            "Mid": 0.6700000762939453,
            "Treble": 0.5499999523162842,
            "Master": 1.0,
            "ChVol": 0.7699999809265137,
            "Sag": 0.5,
            "Hum": 0.5,
            "Bright": false
        },
        "x_min_y_max": {
            "name": "Brt Cln",
            "Drive": 0.4500000476837158,
            "Bass": 0.6200000047683716,
            "Mid": 0.6700000762939453,
            "Treble": 0.6299999952316284,
            "Master": 1.0,
            "ChVol": 0.7699999809265137,
            "Sag": 0.5,
            "Hum": 0.5,
            "Bright": true
        },
        "x_max_y_min": {
            "name": "EOB",
            "Drive": 0.7000000476837158,
            "Bass": 0.26999998092651367,
            "Mid": 0.28999996185302734,
            "Treble": 0.31999993324279785,
            "Master": 0.9900000095367432,
            "ChVol": 0.7699999809265137,
            "Sag": 0.5,
            "Hum": 0.5,
            "Bright": false
        },
        "x_max_y_max": {
            "name": "Dimed",
            "Drive": 1.0,
            "Bass": 0.5,
            "Mid": 0.559999942779541,
            "Treble": 0.28999996185302734,
            "Master": 1.0,
            "ChVol": 0.7,
            "Sag": 0.5,
            "Hum": 0.5,
            "Bright": false
        }
    }
}
