{
    "modelName": "EV Panama Red",
    "params": {
        "Gain": {
            "id": 1,
            "behavior": "interpolate"
        },
        "Low": {
            "id": 2,
            "behavior": "interpolate"
        },
        "Mid": {
            "id": 3,
            "behavior": "interpolate"
        },
        "High": {
            "id": 4,
            "behavior": "interpolate"
        },
        "ChVol": {
            "id": 6,
            "behavior": "interpolate"
        },
        "Master": {
            "id": 7,
            "behavior": "interpolate"
        },
        "Sag": {
            "id": 8,
            "behavior": "interpolate"
        },
        "Hum": {
            "id": 9,
            "behavior": "interpolate"
        }
    },
    "regions": {
        "origin": {
            "name": "Surge",
            "Gain": 0.36000001430511475,
            "Low": 0.3799999952316284,
            "Mid": 0.6600000858306885,
            "High": 0.75,
            "ChVol": 0.75,
            "Master": 0.48000001907348633,
            "Sag": 0.4500000476837158,
            "Hum": 0.0
        },
        "x_min_y_min": {
            "name": "Chunk",
            "Gain": 0.19000005722045898,
            "Low": 0.5799999237060547,
            "Mid": 0.4700000286102295,
            "High": 0.7699999809265137,
            "ChVol": 0.75,
            "Master": 0.48000001907348633,
            "Sag": 0.5,
            "Hum": 0.0
        },
        "x_min_y_max": {
            "name": "Edge",
            "Gain": 0.38999998569488525,
            "Low": 0.4099999666213989,
            "Mid": 0.49000000953674316,
            "High": 0.75,
            "ChVol": 0.7599999904632568,
            "Master": 0.48000001907348633,
            "Sag": 0.41999995708465576,
            "Hum": 0.0
        },
        "x_max_y_min": {
            "name": "Rage",
            "Gain": 0.2999999523162842,
            "Low": 0.5,
            "Mid": 0.3799999952316284,
            "High": 0.809999942779541,
            "ChVol": 0.75,
            "Master": 0.4700000286102295,
            "Sag": 0.5,
            "Hum": 0.0
        },
        "x_max_y_max": {
            "name": "Inferno",
            "Gain": 0.5,
            "Low": 0.5199999809265137,
            "Mid": 0.559999942779541,
            "High": 0.7699999809265137,
            "ChVol": 0.7000000476837158,
            "Master": 0.5999999046325684,
            "Sag": 0.3500000238418579,
            "Hum": 0.0
        }
    }
}
