{
    "modelName": "Revv Gen Purple",
    "params": {
        "Drive": {
            "id": 1,
            "behavior": "interpolate"
        },
        "Bass": {
            "id": 2,
            "behavior": "interpolate"
        },
        "Mid": {
            "id": 3,
            "behavior": "interpolate"
        },
        "Treble": {
            "id": 4,
            "behavior": "interpolate"
        },
        "Master": {
            "id": 5,
            "behavior": "interpolate"
        },
        "ChVol": {
            "id": 6,
            "behavior": "interpolate"
        },
        "Aggression": {
            "id": 7,
            "behavior": "quantize"
        },
        "Sag": {
            "id": 8,
            "behavior": "interpolate"
        },
        "Hum": {
            "id": 9,
            "behavior": "interpolate"
        }
    },
    "regions": {
        "origin": {
            "name": "Riff",
            "Drive": 0.4700000286102295,
            "Bass": 0.5499999523162842,
            "Mid": 0.440000057220459,
            "Treble": 0.5299999713897705,
            "Master": 0.5,
            "ChVol": 0.8600000143051147,
            "Aggression": 1,
            "Sag": 0.5,
            "Hum": 0.5
        },
        "x_min_y_min": {
            "name": "Chug",
            "Drive": 0.3999999761581421,
            "Bass": 0.6299999952316284,
            "Mid": 0.3799999952316284,
            "Treble": 0.4700000286102295,
            "Master": 0.5,
            "ChVol": 0.8600000143051147,
            "Aggression": 1,
            "Sag": 0.5,
            "Hum": 0.5
        },
        "x_min_y_max": {
            "name": "Tight",
            "Drive": 0.3400000333786011,
            "Bass": 0.25999999046325684,
            "Mid": 0.7000000476837158,
            "Treble": 0.5199999809265137,
            "Master": 0.5,
            "ChVol": 0.8600000143051147,
            "Aggression": 1,
            "Sag": 0.5,
            "Hum": 0.5
        },
        "x_max_y_min": {
            "name": "Aggro",
            "Drive": 0.3799999952316284,
            "Bass": 0.4099999666213989,
            "Mid": 0.440000057220459,
            "Treble": 0.5299999713897705,
            "Master": 0.5,
            "ChVol": 0.8600000143051147,
            "Aggression": 2,
            "Sag": 0.5,
            "Hum": 0.5
        },
        "x_max_y_max": {
            "name": "Shred",
            "Drive": 0.4700000286102295,
            "Bass": 0.4500000476837158,
            "Mid": 0.7300000190734863,
            "Treble": 0.5099999904632568,
            "Master": 0.5,
            "ChVol": 0.7899999618530273,
            "Aggression": 2,
            "Sag": 0.5,
            "Hum": 0.5
        }
    }
}
