{
    "modelName": "Mandarin 80",
    "params": {
        "Drive": {
            "id": 1,
            "behavior": "interpolate"
        },
        "Bass": {
            "id": 2,
            "behavior": "interpolate"
        },
        "Mid": {
            "id": 3,
            "behavior": "interpolate"
        },
        "Treble": {
            "id": 4,
            "behavior": "interpolate"
        },
        "FAC": {
            "id": 5,
            "behavior": "quantize"
        },
        "ChVol": {
            "id": 6,
            "behavior": "interpolate"
        },
        "Master": {
            "id": 7,
            "behavior": "interpolate"
        },
        "Sag": {
            "id": 8,
            "behavior": "interpolate"
        },
        "Hum": {
            "id": 9,
            "behavior": "interpolate"
        }
    },
    "regions": {
        "origin": {
            "name": "Rockin",
            "Drive": 0.699999988079071,
            "Bass": 0.5299999713897705,
            "Mid": 0.5400000214576721,
            "Treble": 0.75,
            "FAC": 2,
            "ChVol": 0.8999999761581421,
            "Master": 1.0,
            "Sag": 0.5,
            "Hum": 0.5
        },
        "x_min_y_min": {
            "name": "Spanky",
            "Drive": 0.07000000029802322,
            "Bass": 0.7599999904632568,
            "Mid": 0.3100000023841858,
            "Treble": 0.7900000214576721,
            "FAC": 2,
            "ChVol": 1.0,
            "Master": 1.0,
            "Sag": 0.5,
            "Hum": 0.5
        },
        "x_min_y_max": {
            "name": "Bitey",
            "Drive": 0.3499999940395355,
            "Bass": 0.5299999713897705,
            "Mid": 0.5299999713897705,
            "Treble": 0.8299999833106995,
            "FAC": 2,
            "ChVol": 1.0,
            "Master": 1.0,
            "Sag": 0.5,
            "Hum": 0.5
        },
        "x_max_y_min": {
            "name": "Sizzlin",
            "Drive": 0.1899999976158142,
            "Bass": 0.6600000262260437,
            "Mid": 0.5400000214576721,
            "Treble": 0.75,
            "FAC": 2,
            "ChVol": 0.949999988079071,
            "Master": 1.0,
            "Sag": 0.5,
            "Hum": 0.5
        },
        "x_max_y_max": {
            "name": "Girthy",
            "Drive": 1.0,
            "Bass": 0.8100000023841858,
            "Mid": 0.699999988079071,
            "Treble": 0.8500000238418579,
            "FAC": 2,
            "ChVol": 0.77,
            "Master": 1.0,
            "Sag": 0.5,
            "Hum": 0.5
        }
    }
}
