{
    "modelName": "Fullerton Nrm",
    "params": {
        "DriveNorm": {
            "id": 1,
            "behavior": "interpolate"
        },
        "DriveBright": {
            "id": 2,
            "behavior": "interpolate"
        },
        "Bass": {
            "id": 3,
            "behavior": "interpolate"
        },
        "Tone": {
            "id": 4,
            "behavior": "interpolate"
        },
        "Treble": {
            "id": 5,
            "behavior": "interpolate"
        },
        "ChVol": {
            "id": 6,
            "behavior": "interpolate"
        },
        "Master": {
            "id": 7,
            "behavior": "interpolate"
        },
        "Sag": {
            "id": 8,
            "behavior": "interpolate"
        },
        "Hum": {
            "id": 9,
            "behavior": "interpolate"
        }
    },
    "regions": {
        "origin": {
            "name": "Normal",
            "DriveNorm": 0.5499999523162842,
            "DriveBright": 0.3400000333786011,
            "Bass": 0.5,
            "Tone": 0.6200000047683716,
            "Treble": 0.5,
            "ChVol": 0.75,
            "Master": 1.0,
            "Sag": 0.5,
            "Hum": 0.5
        },
        "x_min_y_min": {
            "name": "Cleanest",
            "DriveNorm": 0.15999996662139893,
            "DriveBright": 0.0,
            "Bass": 0.7999999523162842,
            "Tone": 0.8199999332427979,
            "Treble": 0.8600000143051147,
            "ChVol": 0.9100000858306885,
            "Master": 1.0,
            "Sag": 0.24000000953674316,
            "Hum": 0.20000004768371582
        },
        "x_min_y_max": {
            "name": "Cleaner",
            "DriveNorm": 0.309999942779541,
            "DriveBright": 0.0,
            "Bass": 0.7300000190734863,
            "Tone": 0.7899999618530273,
            "Treble": 0.8600000143051147,
            "ChVol": 0.8500000238418579,
            "Master": 0.9200000762939453,
            "Sag": 0.3700000047683716,
            "Hum": 0.25
        },
        "x_max_y_min": {
            "name": "Less Pushed",
            "DriveNorm": 0.7400000095367432,
            "DriveBright": 0.2799999713897705,
            "Bass": 0.6100000143051147,
            "Tone": 0.8899999856948853,
            "Treble": 0.7899999618530273,
            "ChVol": 0.75,
            "Master": 1.0,
            "Sag": 0.3500000238418579,
            "Hum": 0.2200000286102295
        },
        "x_max_y_max": {
            "name": "Pushed",
            "DriveNorm": 0.8899999856948853,
            "DriveBright": 0.12999999523162842,
            "Bass": 0.6100000143051147,
            "Tone": 0.8899999856948853,
            "Treble": 0.7899999618530273,
            "ChVol": 0.75,
            "Master": 1.0,
            "Sag": 0.19000005722045898,
            "Hum": 0.2200000286102295
        }
    }
}
