{
    "modelName": "Solo Lead OD",
    "params": {
        "Drive": {
            "id": 1,
            "behavior": "interpolate"
        },
        "Bass": {
            "id": 2,
            "behavior": "interpolate"
        },
        "Mid": {
            "id": 3,
            "behavior": "interpolate"
        },
        "Treble": {
            "id": 4,
            "behavior": "interpolate"
        },
        "Master": {
            "id": 5,
            "behavior": "interpolate"
        },
        "ChVol": {
            "id": 6,
            "behavior": "interpolate"
        },
        "Sag": {
            "id": 7,
            "behavior": "interpolate"
        },
        "Hum": {
            "id": 8,
            "behavior": "interpolate"
        }
    },
    "regions": {
        "origin": {
            "name": "Solo OD",
            "Drive": 0.559999942779541,
            "Bass": 0.559999942779541,
            "Mid": 0.5799999237060547,
            "Treble": 0.4099999666213989,
            "Master": 0.5,
            "ChVol": 0.6299999952316284,
            "Sag": 0.5,
            "Hum": 0.5
        },
        "x_min_y_min": {
            "name": "Tamed",
            "Drive": 0.0700000524520874,
            "Bass": 0.7100000381469727,
            "Mid": 0.559999942779541,
            "Treble": 0.3999999761581421,
            "Master": 0.5,
            "ChVol": 0.6600000858306885,
            "Sag": 0.28999996185302734,
            "Hum": 0.10000002384185791
        },
        "x_min_y_max": {
            "name": "Lil' Tamed",
            "Drive": 0.28999996185302734,
            "Bass": 0.6600000858306885,
            "Mid": 0.6800000667572021,
            "Treble": 0.5399999618530273,
            "Master": 0.41999995708465576,
            "ChVol": 0.6299999952316284,
            "Sag": 0.36000001430511475,
            "Hum": 0.28999996185302734
        },
        "x_max_y_min": {
            "name": "Lil' Wild",
            "Drive": 0.7699999809265137,
            "Bass": 0.5699999332427979,
            "Mid": 0.8899999856948853,
            "Treble": 0.7300000190734863,
            "Master": 0.5,
            "ChVol": 0.6299999952316284,
            "Sag": 0.41999995708465576,
            "Hum": 0.21000003814697266
        },
        "x_max_y_max": {
            "name": "Wild",
            "Drive": 0.8999999761581421,
            "Bass": 0.8899999856948853,
            "Mid": 0.8899999856948853,
            "Treble": 0.8500000238418579,
            "Master": 0.41999995708465576,
            "ChVol": 0.6299999952316284,
            "Sag": 0.1499999761581421,
            "Hum": 0.10000002384185791
        }
    }
}
