{
    "modelName": "Mandarin Rocker",
    "params": {
        "Drive": {
            "id": 1,
            "behavior": "interpolate"
        },
        "Bass": {
            "id": 2,
            "behavior": "interpolate"
        },
        "Mid": {
            "id": 3,
            "behavior": "interpolate"
        },
        "Treble": {
            "id": 4,
            "behavior": "interpolate"
        },
        "Master": {
            "id": 5,
            "behavior": "interpolate"
        },
        "ChVol": {
            "id": 6,
            "behavior": "interpolate"
        },
        "Sag": {
            "id": 7,
            "behavior": "interpolate"
        },
        "Hum": {
            "id": 8,
            "behavior": "interpolate"
        }
    },
    "regions": {
        "origin": {
            "name": "Balanced",
            "Drive": 0.6000000238418579,
            "Bass": 0.5699999332427979,
            "Mid": 0.5299999713897705,
            "Treble": 0.4099999666213989,
            "Master": 0.5,
            "ChVol": 0.6399999856948853,
            "Sag": 0.5,
            "Hum": 0.5
        },
        "x_min_y_min": {
            "name": "Classic",
            "Drive": 0.41999995708465576,
            "Bass": 0.5,
            "Mid": 0.5899999141693115,
            "Treble": 0.5699999332427979,
            "Master": 0.5199999809265137,
            "ChVol": 0.7,
            "Sag": 0.5,
            "Hum": 0.5
        },
        "x_min_y_max": {
            "name": "Lead",
            "Drive": 0.6499999761581421,
            "Bass": 0.5699999332427979,
            "Mid": 0.6800000667572021,
            "Treble": 0.6299999952316284,
            "Master": 0.5,
            "ChVol": 0.6200000047683716,
            "Sag": 0.5,
            "Hum": 0.5
        },
        "x_max_y_min": {
            "name": "Scooped",
            "Drive": 0.6000000238418579,
            "Bass": 0.75,
            "Mid": 0.2200000286102295,
            "Treble": 0.75,
            "Master": 0.5,
            "ChVol": 0.6399999856948853,
            "Sag": 0.5,
            "Hum": 0.5
        },
        "x_max_y_max": {
            "name": "Fuzz",
            "Drive": 0.809999942779541,
            "Bass": 0.75,
            "Mid": 0.75,
            "Treble": 0.440000057220459,
            "Master": 0.3999999761581421,
            "ChVol": 0.6000000238418579,
            "Sag": 0.5,
            "Hum": 0.5
        }
    }
}
