{
    "modelName": "Cali IV Rhythm 2",
    "params": {
        "Drive": {
            "id": 1,
            "behavior": "interpolate"
        },
        "Bass": {
            "id": 2,
            "behavior": "interpolate"
        },
        "Mid": {
            "id": 3,
            "behavior": "interpolate"
        },
        "Treble": {
            "id": 4,
            "behavior": "interpolate"
        },
        "Presence": {
            "id": 5,
            "behavior": "interpolate"
        },
        "ChVol": {
            "id": 6,
            "behavior": "interpolate"
        },
        "Master": {
            "id": 7,
            "behavior": "interpolate"
        },
        "Sag": {
            "id": 8,
            "behavior": "interpolate"
        },
        "80Hz": {
            "id": 13,
            "behavior": "interpolate"
        },
        "240Hz": {
            "id": 14,
            "behavior": "interpolate"
        },
        "750Hz": {
            "id": 15,
            "behavior": "interpolate"
        },
        "2200Hz": {
            "id": 16,
            "behavior": "interpolate"
        },
        "6600Hz": {
            "id": 17,
            "behavior": "interpolate"
        }
    },
    "regions": {
        "origin": {
            "name": "Balanced",
            "Drive": 0.5499999523162842,
            "Bass": 0.11000001430511475,
            "Mid": 0.5399999618530273,
            "Treble": 0.7200000286102295,
            "Presence": 0.49000000953674316,
            "ChVol": 0.7400000095367432,
            "Master": 0.7200000286102295,
            "Sag": 0.5,
            "80Hz": 0.5,
            "240Hz": -2.0,
            "750Hz": -5.600000381469727,
            "2200Hz": -1.7000000476837158,
            "6600Hz": 0.0
        },
        "x_min_y_min": {
            "name": "Cleanish",
            "Drive": 0.25999999046325684,
            "Bass": 0.10000002384185791,
            "Mid": 0.5399999618530273,
            "Treble": 0.7200000286102295,
            "Presence": 0.49000000953674316,
            "ChVol": 0.8199999332427979,
            "Master": 0.75,
            "Sag": 0.5,
            "80Hz": 0.8999996185302734,
            "240Hz": -2.0,
            "750Hz": -5.400000095367432,
            "2200Hz": -0.3000001907348633,
            "6600Hz": 0.0
        },
        "x_min_y_max": {
            "name": "Focus",
            "Drive": 0.41999995708465576,
            "Bass": 0.10000002384185791,
            "Mid": 0.5299999713897705,
            "Treble": 0.6800000667572021,
            "Presence": 0.49000000953674316,
            "ChVol": 0.7599999904632568,
            "Master": 0.7899999618530273,
            "Sag": 0.5,
            "80Hz": 0.8999996185302734,
            "240Hz": -2.0,
            "750Hz": 2.200000762939453,
            "2200Hz": -0.3000001907348633,
            "6600Hz": 0.0
        },
        "x_max_y_min": {
            "name": "Boost",
            "Drive": 0.7300000190734863,
            "Bass": 0.10000002384185791,
            "Mid": 0.440000057220459,
            "Treble": 0.5099999904632568,
            "Presence": 0.440000057220459,
            "ChVol": 0.7599999904632568,
            "Master": 0.75,
            "Sag": 0.5,
            "80Hz": -2.1000003814697266,
            "240Hz": -2.0,
            "750Hz": -6.700000286102295,
            "2200Hz": -0.6999998092651367,
            "6600Hz": -0.6000003814697266
        },
        "x_max_y_max": {
            "name": "Fat Lead",
            "Drive": 0.8399999141693115,
            "Bass": 0.10000002384185791,
            "Mid": 0.5399999618530273,
            "Treble": 0.6800000667572021,
            "Presence": 0.5299999713897705,
            "ChVol": 0.74,
            "Master": 0.8399999141693115,
            "Sag": 1.0,
            "80Hz": 0.09999942779541016,
            "240Hz": -2.0,
            "750Hz": -5.400000095367432,
            "2200Hz": -0.3000001907348633,
            "6600Hz": 0.6999998092651367
        }
    }
}
