{
    "modelName": "Matchstick Jump",
    "params": {
        "Ch1Drive": {
            "id": 1,
            "behavior": "interpolate"
        },
        "Bass": {
            "id": 2,
            "behavior": "interpolate"
        },
        "Treble": {
            "id": 3,
            "behavior": "interpolate"
        },
        "Ch2Drive": {
            "id": 4,
            "behavior": "interpolate"
        },
        "Tone": {
            "id": 5,
            "behavior": "quantize"
        },
        "ChVol": {
            "id": 6,
            "behavior": "interpolate"
        },
        "Master": {
            "id": 7,
            "behavior": "interpolate"
        },
        "Sag": {
            "id": 8,
            "behavior": "interpolate"
        },
        "Hum": {
            "id": 9,
            "behavior": "interpolate"
        }
    },
    "regions": {
        "origin": {
            "name": "EOB Chime",
            "Ch1Drive": 0.09000003337860107,
            "Bass": 0.3700000047683716,
            "Treble": 0.5,
            "Ch2Drive": 0.13999998569488525,
            "Tone": 3,
            "ChVol": 0.5799999237060547,
            "Master": 1.0,
            "Sag": 0.5,
            "Hum": 0.5
        },
        "x_min_y_min": {
            "name": "Cleanish",
            "Ch1Drive": 0.12999999523162842,
            "Bass": 0.309999942779541,
            "Treble": 0.36000001430511475,
            "Ch2Drive": 0.11000001430511475,
            "Tone": 3,
            "ChVol": 0.5799999237060547,
            "Master": 1.0,
            "Sag": 0.5,
            "Hum": 0.5
        },
        "x_min_y_max": {
            "name": "Warm EOB",
            "Ch1Drive": 0.09000003337860107,
            "Bass": 0.4700000286102295,
            "Treble": 0.2999999523162842,
            "Ch2Drive": 0.13999998569488525,
            "Tone": 4,
            "ChVol": 0.5799999237060547,
            "Master": 1.0,
            "Sag": 0.5,
            "Hum": 0.5
        },
        "x_max_y_min": {
            "name": "Hot n' Crispy",
            "Ch1Drive": 0.31999993324279785,
            "Bass": 0.28999996185302734,
            "Treble": 0.43000006675720215,
            "Ch2Drive": 0.33000004291534424,
            "Tone": 3,
            "ChVol": 0.5799999237060547,
            "Master": 1.0,
            "Sag": 0.5,
            "Hum": 0.0
        },
        "x_max_y_max": {
            "name": "Driven",
            "Ch1Drive": 0.6800000667572021,
            "Bass": 0.3700000047683716,
            "Treble": 0.33000004291534424,
            "Ch2Drive": 0.7999999523162842,
            "Tone": 3,
            "ChVol": 0.5799999237060547,
            "Master": 1.0,
            "Sag": 0.5,
            "Hum": 0.0
        }
    }
}
