{
    "modelName": "Tweed Blues Brt",
    "params": {
        "Drive": {
            "id": 1,
            "behavior": "interpolate"
        },
        "Bass": {
            "id": 2,
            "behavior": "interpolate"
        },
        "Mid": {
            "id": 3,
            "behavior": "interpolate"
        },
        "Treble": {
            "id": 4,
            "behavior": "interpolate"
        },
        "Master": {
            "id": 5,
            "behavior": "interpolate"
        },
        "ChVol": {
            "id": 6,
            "behavior": "interpolate"
        },
        "Sag": {
            "id": 7,
            "behavior": "interpolate"
        },
        "Hum": {
            "id": 8,
            "behavior": "interpolate"
        }
    },
    "regions": {
        "origin": {
            "name": "Breaking Up",
            "Drive": 0.5,
            "Bass": 0.43000006675720215,
            "Mid": 0.559999942779541,
            "Treble": 0.6499999761581421,
            "Master": 1.0,
            "ChVol": 0.8500000238418579,
            "Sag": 0.5,
            "Hum": 0.5
        },
        "x_min_y_min": {
            "name": "Really Clean",
            "Drive": 0.20000004768371582,
            "Bass": 0.6499999761581421,
            "Mid": 0.6499999761581421,
            "Treble": 0.5399999618530273,
            "Master": 0.8299999237060547,
            "ChVol": 0.8500000238418579,
            "Sag": 0.5,
            "Hum": 0.5
        },
        "x_min_y_max": {
            "name": "Edge of Breakup",
            "Drive": 0.2999999523162842,
            "Bass": 0.3799999952316284,
            "Mid": 0.6399999856948853,
            "Treble": 0.5899999141693115,
            "Master": 1.0,
            "ChVol": 0.8500000238418579,
            "Sag": 0.5,
            "Hum": 0.5
        },
        "x_max_y_min": {
            "name": "Bright Drive",
            "Drive": 0.6499999761581421,
            "Bass": 0.33000004291534424,
            "Mid": 1.0,
            "Treble": 1.0,
            "Master": 1.0,
            "ChVol": 0.8500000238418579,
            "Sag": 0.5,
            "Hum": 0.5
        },
        "x_max_y_max": {
            "name": "Big Rhythm",
            "Drive": 0.8199999332427979,
            "Bass": 0.4500000476837158,
            "Mid": 0.7400000095367432,
            "Treble": 0.809999942779541,
            "Master": 1.0,
            "ChVol": 0.8500000238418579,
            "Sag": 0.5,
            "Hum": 0.5
        }
    }
}
