{
    "modelName": "G Cougar 800",
    "params": {
        "Drive": {
            "id": 1,
            "behavior": "interpolate"
        },
        "Bass": {
            "id": 2,
            "behavior": "interpolate"
        },
        "LowMid": {
            "id": 3,
            "behavior": "interpolate"
        },
        "HighMid": {
            "id": 4,
            "behavior": "interpolate"
        },
        "Treble": {
            "id": 5,
            "behavior": "interpolate"
        },
        "ChVol": {
            "id": 6,
            "behavior": "interpolate"
        },
        "Master": {
            "id": 7,
            "behavior": "interpolate"
        },
        "Boost": {
            "id": 8,
            "behavior": "interpolate"
        },
        "Contour": {
            "id": 9,
            "behavior": "quantize"
        }
    },
    "regions": {
        "origin": {
            "name": "Slap",
            "Drive": 0.25999999046325684,
            "Bass": 0.6499999761581421,
            "LowMid": 0.25,
            "HighMid": 0.7000000476837158,
            "Treble": 0.6499999761581421,
            "ChVol": 0.8299999237060547,
            "Master": 1.0,
            "Boost": 0.4700000286102295,
            "Contour": true
        },
        "x_min_y_min": {
            "name": "Warm",
            "Drive": 0.3999999761581421,
            "Bass": 0.5699999332427979,
            "LowMid": 0.31999993324279785,
            "HighMid": 0.41999995708465576,
            "Treble": 0.19000005722045898,
            "ChVol": 0.8399999141693115,
            "Master": 0.75,
            "Boost": 0.5099999904632568,
            "Contour": false
        },
        "x_min_y_max": {
            "name": "Scoop",
            "Drive": 0.25,
            "Bass": 0.7899999618530273,
            "LowMid": 0.12000000476837158,
            "HighMid": 0.43000006675720215,
            "Treble": 0.8600000143051147,
            "ChVol": 0.8700000047683716,
            "Master": 0.8600000143051147,
            "Boost": 0.4700000286102295,
            "Contour": true
        },
        "x_max_y_min": {
            "name": "Full",
            "Drive": 0.18000006675720215,
            "Bass": 0.6499999761581421,
            "LowMid": 0.43000006675720215,
            "HighMid": 0.5699999332427979,
            "Treble": 0.6100000143051147,
            "ChVol": 0.8799999952316284,
            "Master": 0.8999999761581421,
            "Boost": 0.5899999141693115,
            "Contour": false
        },
        "x_max_y_max": {
            "name": "Bite",
            "Drive": 0.7000000476837158,
            "Bass": 0.49000000953674316,
            "LowMid": 0.6100000143051147,
            "HighMid": 0.8899999856948853,
            "Treble": 0.49000000953674316,
            "ChVol": 0.9100000858306885,
            "Master": 0.5,
            "Boost": 0.3700000047683716,
            "Contour": true
        }
    }
}
