{
    "modelName": "US Small Tweed",
    "params": {
        "Drive": {
            "id": 1,
            "behavior": "interpolate"
        },
        "Bass": {
            "id": 2,
            "behavior": "interpolate"
        },
        "Mid": {
            "id": 3,
            "behavior": "interpolate"
        },
        "Treble": {
            "id": 4,
            "behavior": "interpolate"
        },
        "Master": {
            "id": 5,
            "behavior": "interpolate"
        },
        "ChVol": {
            "id": 6,
            "behavior": "interpolate"
        },
        "Sag": {
            "id": 7,
            "behavior": "interpolate"
        },
        "Hum": {
            "id": 8,
            "behavior": "interpolate"
        }
    },
    "regions": {
        "origin": {
            "name": "Tweedy",
            "Drive": 0.5499999523162842,
            "Bass": 0.36000001430511475,
            "Mid": 0.6000000238418579,
            "Treble": 0.6800000667572021,
            "Master": 1.0,
            "ChVol": 0.7999999523162842,
            "Sag": 0.5,
            "Hum": 0.5
        },
        "x_min_y_min": {
            "name": "Clean",
            "Drive": 0.09000003337860107,
            "Bass": 0.7100000381469727,
            "Mid": 0.7100000381469727,
            "Treble": 0.809999942779541,
            "Master": 1.0,
            "ChVol": 1.0,
            "Sag": 0.809999942779541,
            "Hum": 0.440000057220459
        },
        "x_min_y_max": {
            "name": "Less Clean",
            "Drive": 0.28999996185302734,
            "Bass": 0.559999942779541,
            "Mid": 0.6399999856948853,
            "Treble": 0.6700000762939453,
            "Master": 0.9500000476837158,
            "ChVol": 0.8799999952316284,
            "Sag": 0.6700000762939453,
            "Hum": 0.440000057220459
        },
        "x_max_y_min": {
            "name": "Less Fuzzy",
            "Drive": 0.7999999523162842,
            "Bass": 0.7100000381469727,
            "Mid": 0.7100000381469727,
            "Treble": 0.690000057220459,
            "Master": 0.8199999332427979,
            "ChVol": 0.75,
            "Sag": 0.26999998092651367,
            "Hum": 0.24000000953674316
        },
        "x_max_y_max": {
            "name": "Fuzzy",
            "Drive": 1.0,
            "Bass": 0.9600000381469727,
            "Mid": 0.9200000762939453,
            "Treble": 0.8500000238418579,
            "Master": 0.49000000953674316,
            "ChVol": 0.8399999141693115,
            "Sag": 0.019999980926513672,
            "Hum": 0.13999998569488525
        }
    }
}
