{
    "modelName": "PV Panama",
    "params": {
        "Drive": {
            "id": 1,
            "behavior": "interpolate"
        },
        "Bass": {
            "id": 2,
            "behavior": "interpolate"
        },
        "Mid": {
            "id": 3,
            "behavior": "interpolate"
        },
        "Treble": {
            "id": 4,
            "behavior": "interpolate"
        },
        "Master": {
            "id": 5,
            "behavior": "interpolate"
        },
        "ChVol": {
            "id": 6,
            "behavior": "interpolate"
        },
        "Sag": {
            "id": 7,
            "behavior": "interpolate"
        },
        "Hum": {
            "id": 8,
            "behavior": "interpolate"
        }
    },
    "regions": {
        "origin": {
            "name": "Chunk",
            "Drive": 0.5499999523162842,
            "Bass": 0.6499999761581421,
            "Mid": 0.20000004768371582,
            "Treble": 0.5,
            "Master": 0.4500000476837158,
            "ChVol": 0.6600000858306885,
            "Sag": 0.8500000238418579,
            "Hum": 0.5
        },
        "x_min_y_min": {
            "name": "Shiney",
            "Drive": 0.38999998569488525,
            "Bass": 0.5699999332427979,
            "Mid": 0.43000006675720215,
            "Treble": 0.5,
            "Master": 0.4500000476837158,
            "ChVol": 0.6000000238418579,
            "Sag": 0.5,
            "Hum": 0.5
        },
        "x_min_y_max": {
            "name": "Solo",
            "Drive": 0.8500000238418579,
            "Bass": 0.3700000047683716,
            "Mid": 0.5499999523162842,
            "Treble": 0.5499999523162842,
            "Master": 0.4500000476837158,
            "ChVol": 0.5499999523162842,
            "Sag": 0.0,
            "Hum": 0.5
        },
        "x_max_y_min": {
            "name": "Chainheart",
            "Drive": 0.6100000143051147,
            "Bass": 0.5499999523162842,
            "Mid": 0.43000006675720215,
            "Treble": 0.5499999523162842,
            "Master": 0.3999999761581421,
            "ChVol": 0.6000000238418579,
            "Sag": 0.0,
            "Hum": 0.7000000476837158
        },
        "x_max_y_max": {
            "name": "Kaiju",
            "Drive": 0.75,
            "Bass": 0.4500000476837158,
            "Mid": 0.6000000238418579,
            "Treble": 0.3999999761581421,
            "Master": 0.3999999761581421,
            "ChVol": 0.5799999237060547,
            "Sag": 0.25,
            "Hum": 0.3999999761581421
        }
    }
}
