{
    "modelName": "Matchstick Ch1",
    "params": {
        "Ch1Drive": {
            "id": 1,
            "behavior": "interpolate"
        },
        "Bass": {
            "id": 2,
            "behavior": "interpolate"
        },
        "Treble": {
            "id": 3,
            "behavior": "interpolate"
        },
        "Master": {
            "id": 4,
            "behavior": "interpolate"
        },
        "Sag": {
            "id": 5,
            "behavior": "interpolate"
        },
        "ChVol": {
            "id": 6,
            "behavior": "interpolate"
        },
        "Hum": {
            "id": 7,
            "behavior": "interpolate"
        }
    },
    "regions": {
        "origin": {
            "name": "Chimey EOB",
            "Ch1Drive": 0.3400000333786011,
            "Bass": 0.2999999523162842,
            "Treble": 0.3500000238418579,
            "Master": 1.0,
            "Sag": 0.5799999237060547,
            "ChVol": 0.7000000476837158,
            "Hum": 0.0
        },
        "x_min_y_min": {
            "name": "Clean",
            "Ch1Drive": 0.2200000286102295,
            "Bass": 0.48000001907348633,
            "Treble": 0.23000001907348633,
            "Master": 1.0,
            "Sag": 0.5799999237060547,
            "ChVol": 0.7000000476837158,
            "Hum": 0.0
        },
        "x_min_y_max": {
            "name": "Warm EOB",
            "Ch1Drive": 0.2999999523162842,
            "Bass": 0.559999942779541,
            "Treble": 0.18000006675720215,
            "Master": 1.0,
            "Sag": 0.5799999237060547,
            "ChVol": 0.7000000476837158,
            "Hum": 0.0
        },
        "x_max_y_min": {
            "name": "Cookin'",
            "Ch1Drive": 0.5499999523162842,
            "Bass": 0.5,
            "Treble": 0.3500000238418579,
            "Master": 1.0,
            "Sag": 0.5799999237060547,
            "ChVol": 0.7000000476837158,
            "Hum": 0.5
        },
        "x_max_y_max": {
            "name": "Dimed",
            "Ch1Drive": 0.9600000381469727,
            "Bass": 0.440000057220459,
            "Treble": 0.3500000238418579,
            "Master": 1.0,
            "Sag": 0.5799999237060547,
            "ChVol": 0.62,
            "Hum": 0.0
        }
    }
}
