{
    "modelName": "Cali IV Rhythm 1",
    "params": {
        "Drive": {
            "id": 1,
            "behavior": "interpolate"
        },
        "Bass": {
            "id": 2,
            "behavior": "interpolate"
        },
        "Mid": {
            "id": 3,
            "behavior": "interpolate"
        },
        "Treble": {
            "id": 4,
            "behavior": "interpolate"
        },
        "Presence": {
            "id": 5,
            "behavior": "interpolate"
        },
        "ChVol": {
            "id": 6,
            "behavior": "interpolate"
        },
        "Master": {
            "id": 7,
            "behavior": "interpolate"
        },
        "Sag": {
            "id": 8,
            "behavior": "interpolate"
        },
        "80Hz": {
            "id": 9,
            "behavior": "interpolate"
        },
        "240Hz": {
            "id": 13,
            "behavior": "interpolate"
        },
        "750Hz": {
            "id": 14,
            "behavior": "interpolate"
        },
        "2200Hz": {
            "id": 15,
            "behavior": "interpolate"
        },
        "6600Hz": {
            "id": 16,
            "behavior": "interpolate"
        }
    },
    "regions": {
        "origin": {
            "name": "Balanced",
            "Drive": 0.4099999666213989,
            "Bass": 0.5199999809265137,
            "Mid": 0.6299999952316284,
            "Treble": 0.6299999952316284,
            "Presence": 0.6100000143051147,
            "ChVol": 0.8500000238418579,
            "Master": 0.6600000858306885,
            "Sag": 0.5,
            "80Hz": 9.5367431640625e-07,
            "240Hz": 0.0,
            "750Hz": 0.0,
            "2200Hz": 0.0,
            "6600Hz": 0.0
        },
        "x_min_y_min": {
            "name": "1 Coil Clean",
            "Drive": 0.309999942779541,
            "Bass": 0.5699999332427979,
            "Mid": 0.039999961853027344,
            "Treble": 0.6800000667572021,
            "Presence": 0.6800000667572021,
            "ChVol": 0.940000057220459,
            "Master": 0.9300000667572021,
            "Sag": 1.0,
            "80Hz": 9.5367431640625e-07,
            "240Hz": 0.0,
            "750Hz": 0.0,
            "2200Hz": 0.0,
            "6600Hz": 0.0
        },
        "x_min_y_max": {
            "name": "Focus",
            "Drive": 0.33000004291534424,
            "Bass": 0.38999998569488525,
            "Mid": 0.6000000238418579,
            "Treble": 0.6299999952316284,
            "Presence": 0.6100000143051147,
            "ChVol": 0.7999999523162842,
            "Master": 0.7300000190734863,
            "Sag": 1.0,
            "80Hz": 9.5367431640625e-07,
            "240Hz": 0.0,
            "750Hz": 9.699999809265137,
            "2200Hz": 0.0,
            "6600Hz": 0.0
        },
        "x_max_y_min": {
            "name": "Texas",
            "Drive": 0.7100000381469727,
            "Bass": 0.41999995708465576,
            "Mid": 0.3799999952316284,
            "Treble": 0.690000057220459,
            "Presence": 0.7000000476837158,
            "ChVol": 0.8500000238418579,
            "Master": 0.559999942779541,
            "Sag": 0.8899999856948853,
            "80Hz": 9.5367431640625e-07,
            "240Hz": 0.0,
            "750Hz": 0.0,
            "2200Hz": 0.0,
            "6600Hz": 0.0
        },
        "x_max_y_max": {
            "name": "Snarl",
            "Drive": 0.8799999952316284,
            "Bass": 0.3799999952316284,
            "Mid": 0.6700000762939453,
            "Treble": 0.690000057220459,
            "Presence": 0.690000057220459,
            "ChVol": 0.68,
            "Master": 0.559999942779541,
            "Sag": 0.5,
            "80Hz": 9.5367431640625e-07,
            "240Hz": 0.0,
            "750Hz": 0.0,
            "2200Hz": 0.0,
            "6600Hz": 0.0
        }
    }
}
