{
    "modelName": "Solo Lead Crunch",
    "params": {
        "Drive": {
            "id": 1,
            "behavior": "interpolate"
        },
        "Bass": {
            "id": 2,
            "behavior": "interpolate"
        },
        "Mid": {
            "id": 3,
            "behavior": "interpolate"
        },
        "Treble": {
            "id": 4,
            "behavior": "interpolate"
        },
        "Master": {
            "id": 5,
            "behavior": "interpolate"
        },
        "Ch Vol": {
            "id": 6,
            "behavior": "interpolate"
        },
        "Sag": {
            "id": 7,
            "behavior": "interpolate"
        },
        "Hum": {
            "id": 8,
            "behavior": "interpolate"
        }
    },
    "regions": {
        "origin": {
            "name": "Balanced",
            "Drive": 0.5499999523162842,
            "Bass": 0.5099999904632568,
            "Mid": 0.43000006675720215,
            "Treble": 0.6100000143051147,
            "Master": 0.5,
            "Ch Vol": 0.560000,
            "Sag": 0.5,
            "Hum": 0.5
        },
        "x_min_y_min": {
            "name": "Squishy",
            "Drive": 0.43000006675720215,
            "Bass": 0.690000057220459,
            "Mid": 0.7699999809265137,
            "Treble": 0.7999999523162842,
            "Master": 0.5299999713897705,
            "Ch Vol": 0.560000,
            "Sag": 0.7799999713897705,
            "Hum": 0.2200000286102295
        },
        "x_min_y_max": {
            "name": "Kinda Squishy",
            "Drive": 0.48000001907348633,
            "Bass": 0.6100000143051147,
            "Mid": 0.6200000047683716,
            "Treble": 0.6200000047683716,
            "Master": 0.5,
            "Ch Vol": 0.560000,
            "Sag": 0.6299999952316284,
            "Hum": 0.36000001430511475
        },
        "x_max_y_min": {
            "name": "Kinda Scoopy",
            "Drive": 0.7999999523162842,
            "Bass": 0.75,
            "Mid": 0.25999999046325684,
            "Treble": 0.75,
            "Master": 0.309999942779541,
            "Ch Vol": 0.560000,
            "Sag": 0.309999942779541,
            "Hum": 0.2999999523162842
        },
        "x_max_y_max": {
            "name": "Scoopy",
            "Drive": 1.0,
            "Bass": 1.0,
            "Mid": 0.12000000476837158,
            "Treble": 0.9300000667572021,
            "Master": 0.309999942779541,
            "Ch Vol": 0.560000,
            "Sag": 0.0,
            "Hum": 0.04999995231628418
        }
    }
}
