{
    "modelName": "Stone Age 185",
    "params": {
        "Drive": {
            "id": 1,
            "behavior": "interpolate"
        },
        "Bass": {
            "id": 2,
            "behavior": "interpolate"
        },
        "Mid": {
            "id": 3,
            "behavior": "interpolate"
        },
        "Treble": {
            "id": 4,
            "behavior": "interpolate"
        },
        "Master": {
            "id": 5,
            "behavior": "interpolate"
        },
        "ChVol": {
            "id": 6,
            "behavior": "interpolate"
        },
        "Sag": {
            "id": 7,
            "behavior": "interpolate"
        },
        "Hum": {
            "id": 8,
            "behavior": "interpolate"
        }
    },
    "regions": {
        "origin": {
            "name": "Balanced Stone",
            "Drive": 0.5499999523162842,
            "Bass": 0.5,
            "Mid": 0.5199999809265137,
            "Treble": 0.5099999904632568,
            "Master": 1.0,
            "ChVol": 0.6000000238418579,
            "Sag": 0.5,
            "Hum": 0.5
        },
        "x_min_y_min": {
            "name": "Clean",
            "Drive": 0.09000003337860107,
            "Bass": 0.6000000238418579,
            "Mid": 0.6100000143051147,
            "Treble": 0.6800000667572021,
            "Master": 0.7200000286102295,
            "ChVol": 0.8999999761581421,
            "Sag": 0.8500000238418579,
            "Hum": 0.6000000238418579
        },
        "x_min_y_max": {
            "name": "Cleanish",
            "Drive": 0.3400000333786011,
            "Bass": 0.6000000238418579,
            "Mid": 0.6100000143051147,
            "Treble": 0.6800000667572021,
            "Master": 0.8600000143051147,
            "ChVol": 0.7000000476837158,
            "Sag": 0.690000057220459,
            "Hum": 0.5199999809265137
        },
        "x_max_y_min": {
            "name": "Little Wild",
            "Drive": 0.7899999618530273,
            "Bass": 0.6700000762939453,
            "Mid": 0.6700000762939453,
            "Treble": 0.6700000762939453,
            "Master": 0.7799999713897705,
            "ChVol": 0.5699999332427979,
            "Sag": 0.3500000238418579,
            "Hum": 0.31999993324279785
        },
        "x_max_y_max": {
            "name": "Wild",
            "Drive": 0.9700000286102295,
            "Bass": 0.7400000095367432,
            "Mid": 0.7699999809265137,
            "Treble": 0.809999942779541,
            "Master": 0.8399999141693115,
            "ChVol": 0.5,
            "Sag": 0.20000004768371582,
            "Hum": 0.10000002384185791
        }
    }
}
