{
    "modelName": "Brit P75 Brt",
    "params": {
        "Drive": {
            "id": 1,
            "behavior": "interpolate"
        },
        "Bass": {
            "id": 2,
            "behavior": "interpolate"
        },
        "Mid": {
            "id": 3,
            "behavior": "interpolate"
        },
        "Treble": {
            "id": 4,
            "behavior": "interpolate"
        },
        "Master": {
            "id": 5,
            "behavior": "interpolate"
        },
        "ChVol": {
            "id": 6,
            "behavior": "interpolate"
        },
        "Sag": {
            "id": 7,
            "behavior": "interpolate"
        },
        "Hum": {
            "id": 8,
            "behavior": "interpolate"
        }
    },
    "regions": {
        "origin": {
            "name": "Balanced",
            "Drive": 0.7400000095367432,
            "Bass": 0.5899999141693115,
            "Mid": 0.6399999856948853,
            "Treble": 0.5199999809265137,
            "Master": 0.5299999713897705,
            "ChVol": 0.5499999523162842,
            "Sag": 0.5,
            "Hum": 0.5
        },
        "x_min_y_min": {
            "name": "Cleaner",
            "Drive": 0.25999999046325684,
            "Bass": 0.4500000476837158,
            "Mid": 0.6399999856948853,
            "Treble": 0.5199999809265137,
            "Master": 0.5699999332427979,
            "ChVol": 0.5899999141693115,
            "Sag": 0.5,
            "Hum": 0.5
        },
        "x_min_y_max": {
            "name": "Crunchy",
            "Drive": 0.25999999046325684,
            "Bass": 0.4500000476837158,
            "Mid": 0.6399999856948853,
            "Treble": 0.5199999809265137,
            "Master": 0.690000057220459,
            "ChVol": 0.690000057220459,
            "Sag": 1.0,
            "Hum": 0.5
        },
        "x_max_y_min": {
            "name": "Lead",
            "Drive": 0.9800000190734863,
            "Bass": 0.8899999856948853,
            "Mid": 0.9100000858306885,
            "Treble": 0.8899999856948853,
            "Master": 0.5699999332427979,
            "ChVol": 0.5699999332427979,
            "Sag": 0.5,
            "Hum": 0.5
        },
        "x_max_y_max": {
            "name": "Squishy",
            "Drive": 1.0,
            "Bass": 1.0,
            "Mid": 0.9900000095367432,
            "Treble": 0.9200000762939453,
            "Master": 0.6299999952316284,
            "ChVol": 0.6,
            "Sag": 1.0,
            "Hum": 0.5
        }
    }
}
