{
    "modelName": "US Double Nrm",
    "params": {
        "Drive": {
            "id": 1,
            "behavior": "interpolate"
        },
        "Bass": {
            "id": 2,
            "behavior": "interpolate"
        },
        "Mid": {
            "id": 3,
            "behavior": "interpolate"
        },
        "Treble": {
            "id": 4,
            "behavior": "interpolate"
        },
        "Master": {
            "id": 5,
            "behavior": "interpolate"
        },
        "ChVol": {
            "id": 6,
            "behavior": "interpolate"
        },
        "Sag": {
            "id": 7,
            "behavior": "interpolate"
        },
        "Hum": {
            "id": 8,
            "behavior": "interpolate"
        }
    },
    "regions": {
        "origin": {
            "name": "Smooth",
            "Drive": 0.7000000476837158,
            "Bass": 0.440000057220459,
            "Mid": 0.5199999809265137,
            "Treble": 0.5699999332427979,
            "Master": 0.4500000476837158,
            "ChVol": 0.8999999761581421,
            "Sag": 0.3999999761581421,
            "Hum": 0.5
        },
        "x_min_y_min": {
            "name": "Noonish",
            "Drive": 0.5899999141693115,
            "Bass": 0.5,
            "Mid": 0.5,
            "Treble": 0.5,
            "Master": 0.5,
            "ChVol": 1.0,
            "Sag": 0.5,
            "Hum": 0.5
        },
        "x_min_y_max": {
            "name": "Dom",
            "Drive": 0.6499999761581421,
            "Bass": 0.3500000238418579,
            "Mid": 0.5,
            "Treble": 0.7999999523162842,
            "Master": 0.3999999761581421,
            "ChVol": 0.8999999761581421,
            "Sag": 0.2999999523162842,
            "Hum": 0.5
        },
        "x_max_y_min": {
            "name": "Free",
            "Drive": 0.75,
            "Bass": 0.6000000238418579,
            "Mid": 0.5,
            "Treble": 0.6499999761581421,
            "Master": 0.4500000476837158,
            "ChVol": 0.7200000286102295,
            "Sag": 0.2999999523162842,
            "Hum": 0.5
        },
        "x_max_y_max": {
            "name": "Thrill",
            "Drive": 0.7999999523162842,
            "Bass": 0.5,
            "Mid": 0.6000000238418579,
            "Treble": 0.7000000476837158,
            "Master": 0.4500000476837158,
            "ChVol": 0.7200000286102295,
            "Sag": 0.7999999523162842,
            "Hum": 0.5
        }
    }
}
