{
    "modelName": "Brit Trem Brt",
    "params": {
        "BrtDrive": {
            "id": 1,
            "behavior": "interpolate"
        },
        "Bass": {
            "id": 2,
            "behavior": "interpolate"
        },
        "Mid": {
            "id": 3,
            "behavior": "interpolate"
        },
        "Treble": {
            "id": 4,
            "behavior": "interpolate"
        },
        "Master": {
            "id": 5,
            "behavior": "interpolate"
        },
        "ChVol": {
            "id": 6,
            "behavior": "interpolate"
        },
        "Sag": {
            "id": 7,
            "behavior": "interpolate"
        },
        "Hum": {
            "id": 8,
            "behavior": "interpolate"
        }
    },
    "regions": {
        "origin": {
            "name": "Fury",
            "BrtDrive": 1.0,
            "Bass": 0.6000000238418579,
            "Mid": 0.3500000238418579,
            "Treble": 0.7000000476837158,
            "Master": 1.0,
            "ChVol": 0.38999998569488525,
            "Sag": 0.1499999761581421,
            "Hum": 0.5
        },
        "x_min_y_min": {
            "name": "Red",
            "BrtDrive": 0.5299999713897705,
            "Bass": 0.26999998092651367,
            "Mid": 0.5399999618530273,
            "Treble": 0.6700000762939453,
            "Master": 0.690000057220459,
            "ChVol": 0.6000000238418579,
            "Sag": 0.5,
            "Hum": 0.5
        },
        "x_min_y_max": {
            "name": "Classic",
            "BrtDrive": 0.9200000762939453,
            "Bass": 0.7000000476837158,
            "Mid": 0.4500000476837158,
            "Treble": 0.6000000238418579,
            "Master": 1.0,
            "ChVol": 0.4700000286102295,
            "Sag": 0.5,
            "Hum": 0.5
        },
        "x_max_y_min": {
            "name": "Slow",
            "BrtDrive": 0.6600000858306885,
            "Bass": 0.0,
            "Mid": 1.0,
            "Treble": 0.7300000190734863,
            "Master": 1.0,
            "ChVol": 0.4099999666213989,
            "Sag": 0.7000000476837158,
            "Hum": 0.6000000238418579
        },
        "x_max_y_max": {
            "name": "Full",
            "BrtDrive": 1.0,
            "Bass": 1.0,
            "Mid": 1.0,
            "Treble": 1.0,
            "Master": 1.0,
            "ChVol": 0.41999995708465576,
            "Sag": 0.6000000238418579,
            "Hum": 0.5
        }
    }
}
