{
    "modelName": "US Dripman Norm",
    "params": {
        "Norm Drive": {
            "id": 1,
            "behavior": "interpolate"
        },
        "Bass": {
            "id": 2,
            "behavior": "interpolate"
        },
        "Mid": {
            "id": 3,
            "behavior": "interpolate"
        },
        "Treble": {
            "id": 4,
            "behavior": "interpolate"
        },
        "Bright": {
            "id": 5,
            "behavior": "quantize"
        },
        "ChVol": {
            "id": 6,
            "behavior": "interpolate"
        },
        "Master": {
            "id": 7,
            "behavior": "interpolate"
        },
        "Sag": {
            "id": 8,
            "behavior": "interpolate"
        },
        "Hum": {
            "id": 9,
            "behavior": "interpolate"
        }
    },
    "regions": {
        "origin": {
            "name": "Classic",
            "Norm Drive": 0.30000001192092896,
            "Bass": 0.5,
            "Mid": 0.6800000071525574,
            "Treble": 0.5,
            "Bright": true,
            "ChVol": 0.5199999809265137,
            "Master": 1.0,
            "Sag": 0.5,
            "Hum": 0.5
        },
        "x_min_y_min": {
            "name": "Bright",
            "Norm Drive": 0.11999999731779099,
            "Bass": 0.5,
            "Mid": 0.5,
            "Treble": 0.550000011920929,
            "Bright": false,
            "ChVol": 1.0,
            "Master": 1.0,
            "Sag": 0.5,
            "Hum": 0.5
        },
        "x_min_y_max": {
            "name": "Modern",
            "Norm Drive": 0.12999999523162842,
            "Bass": 0.5699999928474426,
            "Mid": 0.44999998807907104,
            "Treble": 0.47999998927116394,
            "Bright": false,
            "ChVol": 1.0,
            "Master": 1.0,
            "Sag": 0.6299999952316284,
            "Hum": 0.4300000071525574
        },
        "x_max_y_min": {
            "name": "Warm",
            "Norm Drive": 0.10999999940395355,
            "Bass": 0.7200000286102295,
            "Mid": 0.44999998807907104,
            "Treble": 0.3700000047683716,
            "Bright": false,
            "ChVol": 1.0,
            "Master": 1.0,
            "Sag": 0.6299999952316284,
            "Hum": 0.4300000071525574
        },
        "x_max_y_max": {
            "name": "Hairy",
            "Norm Drive": 0.8700000047683716,
            "Bass": 0.5,
            "Mid": 0.44999998807907104,
            "Treble": 0.6800000071525574,
            "Bright": true,
            "ChVol": 0.6399999856948853,
            "Master": 1.0,
            "Sag": 0.5,
            "Hum": 0.5
        }
    }
}
