{
    "modelName": "WhoWatt 100",
    "params": {
        "Drive": {
            "id": 1,
            "behavior": "interpolate"
        },
        "Bass": {
            "id": 2,
            "behavior": "interpolate"
        },
        "Mid": {
            "id": 3,
            "behavior": "interpolate"
        },
        "Treble": {
            "id": 4,
            "behavior": "interpolate"
        },
        "Presence": {
            "id": 5,
            "behavior": "interpolate"
        },
        "ChVol": {
            "id": 6,
            "behavior": "interpolate"
        },
        "Master": {
            "id": 7,
            "behavior": "interpolate"
        },
        "Sag": {
            "id": 8,
            "behavior": "interpolate"
        },
        "Hum": {
            "id": 9,
            "behavior": "interpolate"
        }
    },
    "regions": {
        "origin": {
            "name": "Wall",
            "Drive": 0.5,
            "Bass": 0.6000000238418579,
            "Mid": 0.5,
            "Treble": 0.4500000476837158,
            "Presence": 0.6000000238418579,
            "ChVol": 0.8500000238418579,
            "Master": 0.3999999761581421,
            "Sag": 0.5,
            "Hum": 0.5
        },
        "x_min_y_min": {
            "name": "Noon",
            "Drive": 0.5,
            "Bass": 0.5,
            "Mid": 0.5,
            "Treble": 0.5,
            "Presence": 0.5,
            "ChVol": 0.7999999523162842,
            "Master": 0.5,
            "Sag": 0.5,
            "Hum": 0.5
        },
        "x_min_y_max": {
            "name": "Miles",
            "Drive": 0.7699999809265137,
            "Bass": 0.0,
            "Mid": 0.7999999523162842,
            "Treble": 0.8999999761581421,
            "Presence": 0.5,
            "ChVol": 0.6700000762939453,
            "Master": 0.6000000238418579,
            "Sag": 0.5,
            "Hum": 0.5
        },
        "x_max_y_min": {
            "name": "Rumored",
            "Drive": 0.5,
            "Bass": 0.7000000476837158,
            "Mid": 0.6000000238418579,
            "Treble": 0.3999999761581421,
            "Presence": 0.20000004768371582,
            "ChVol": 0.7999999523162842,
            "Master": 0.6000000238418579,
            "Sag": 0.8999999761581421,
            "Hum": 0.5
        },
        "x_max_y_max": {
            "name": "Spirit",
            "Drive": 1.0,
            "Bass": 0.9300000667572021,
            "Mid": 0.75,
            "Treble": 0.6200000047683716,
            "Presence": 0.5799999237060547,
            "ChVol": 0.46000003814697266,
            "Master": 1.0,
            "Sag": 0.6499999761581421,
            "Hum": 0.5
        }
    }
}
