{
    "modelName": "Divided Duo",
    "params": {
        "Drive1": {
            "id": 1,
            "behavior": "interpolate"
        },
        "Drive2": {
            "id": 2,
            "behavior": "interpolate"
        },
        "Tone": {
            "id": 3,
            "behavior": "interpolate"
        },
        "Master": {
            "id": 4,
            "behavior": "interpolate"
        },
        "ChVol": {
            "id": 5,
            "behavior": "interpolate"
        },
        "Sag": {
            "id": 6,
            "behavior": "interpolate"
        },
        "Hum": {
            "id": 7,
            "behavior": "interpolate"
        }
    },
    "regions": {
        "origin": {
            "name": "Just Right",
            "Drive1": 0.410000,
            "Drive2": 0.330000,
            "Tone": 0.43000006675720215,
            "Master": 0.7100000381469727,
            "ChVol": 0.6800000667572021,
            "Sag": 0.6700000762939453,
            "Hum": 0.5
        },
        "x_min_y_min": {
            "name": "Clean",
            "Drive1": 0.410000,
            "Drive2": 0.330000,
            "Tone": 0.5399999618530273,
            "Master": 0.7999999523162842,
            "ChVol": 0.73,
            "Sag": 0.6700000762939453,
            "Hum": 0.5
        },
        "x_min_y_max": {
            "name": "EOB",
            "Drive1": 0.410000,
            "Drive2": 0.330000,
            "Tone": 0.5399999618530273,
            "Master": 0.7999999523162842,
            "ChVol": 0.6800000667572021,
            "Sag": 0.6700000762939453,
            "Hum": 0.5
        },
        "x_max_y_min": {
            "name": "Crunchy",
            "Drive1": 0.410000,
            "Drive2": 0.330000,
            "Tone": 0.2999999523162842,
            "Master": 1.0,
            "ChVol": 0.6800000667572021,
            "Sag": 0.6700000762939453,
            "Hum": 0.5
        },
        "x_max_y_max": {
            "name": "Crank'd",
            "Drive1": 0.410000,
            "Drive2": 0.330000,
            "Tone": 0.5799999237060547,
            "Master": 0.8700000047683716,
            "ChVol": 0.6800000667572021,
            "Sag": 0.6700000762939453,
            "Hum": 0.0
        }
    }
}
