{
    "modelName": "US Princess",
    "params": {
        "Drive": {
            "id": 1,
            "behavior": "interpolate"
        },
        "Bass": {
            "id": 2,
            "behavior": "interpolate"
        },
        "Mid": {
            "id": 3,
            "behavior": "interpolate"
        },
        "Treble": {
            "id": 4,
            "behavior": "interpolate"
        },
        "Master": {
            "id": 5,
            "behavior": "interpolate"
        },
        "ChVol": {
            "id": 6,
            "behavior": "interpolate"
        },
        "Sag": {
            "id": 7,
            "behavior": "interpolate"
        },
        "Hum": {
            "id": 8,
            "behavior": "interpolate"
        }
    },
    "regions": {
        "origin": {
            "name": "Round Clean",
            "Drive": 0.3500000238418579,
            "Bass": 0.25,
            "Mid": 0.6800000667572021,
            "Treble": 0.7000000476837158,
            "Master": 1.0,
            "ChVol": 0.7999999523162842,
            "Sag": 0.5,
            "Hum": 0.5
        },
        "x_min_y_min": {
            "name": "Super Clean",
            "Drive": 0.20000004768371582,
            "Bass": 0.12000000476837158,
            "Mid": 0.49000000953674316,
            "Treble": 0.6000000238418579,
            "Master": 1.0,
            "ChVol": 0.7999999523162842,
            "Sag": 0.5,
            "Hum": 0.5
        },
        "x_min_y_max": {
            "name": "Snappy Clean",
            "Drive": 0.3500000238418579,
            "Bass": 0.12999999523162842,
            "Mid": 0.3400000333786011,
            "Treble": 0.7200000286102295,
            "Master": 1.0,
            "ChVol": 0.7999999523162842,
            "Sag": 0.5,
            "Hum": 0.18000006675720215
        },
        "x_max_y_min": {
            "name": "EOB",
            "Drive": 0.6000000238418579,
            "Bass": 0.18000006675720215,
            "Mid": 0.6800000667572021,
            "Treble": 0.5899999141693115,
            "Master": 0.8399999141693115,
            "ChVol": 0.7999999523162842,
            "Sag": 0.5,
            "Hum": 0.5
        },
        "x_max_y_max": {
            "name": "Dimed",
            "Drive": 1.0,
            "Bass": 0.25999999046325684,
            "Mid": 0.6800000667572021,
            "Treble": 0.4500000476837158,
            "Master": 1.0,
            "ChVol": 0.7,
            "Sag": 0.5,
            "Hum": 0.0
        }
    }
}
