{
    "modelName": "A30 Fawn Nrm",
    "params": {
        "Drive": {
            "id": 1,
            "behavior": "interpolate"
        },
        "Bass": {
            "id": 2,
            "behavior": "interpolate"
        },
        "Treble": {
            "id": 3,
            "behavior": "interpolate"
        },
        "Master": {
            "id": 4,
            "behavior": "interpolate"
        },
        "Sag": {
            "id": 5,
            "behavior": "interpolate"
        },
        "ChVol": {
            "id": 6,
            "behavior": "interpolate"
        },
        "Hum": {
            "id": 7,
            "behavior": "interpolate"
        }
    },
    "regions": {
        "origin": {
            "name": "Sweet Spot",
            "Drive": 0.5,
            "Bass": 0.3799999952316284,
            "Treble": 0.6700000762939453,
            "Master": 1.0,
            "Sag": 0.5,
            "ChVol": 0.7200000286102295,
            "Hum": 0.5
        },
        "x_min_y_min": {
            "name": "Cleaned Up",
            "Drive": 0.2999999523162842,
            "Bass": 0.36000001430511475,
            "Treble": 0.6200000047683716,
            "Master": 1.0,
            "Sag": 0.5,
            "ChVol": 0.7699999809265137,
            "Hum": 0.5
        },
        "x_min_y_max": {
            "name": "Bright Chime",
            "Drive": 0.5199999809265137,
            "Bass": 0.26999998092651367,
            "Treble": 0.8799999952316284,
            "Master": 1.0,
            "Sag": 0.5,
            "ChVol": 0.7699999809265137,
            "Hum": 0.5
        },
        "x_max_y_min": {
            "name": "Rock Rhythm",
            "Drive": 0.7300000190734863,
            "Bass": 0.3799999952316284,
            "Treble": 0.690000057220459,
            "Master": 1.0,
            "Sag": 0.5,
            "ChVol": 0.65,
            "Hum": 0.5
        },
        "x_max_y_max": {
            "name": "Cranked",
            "Drive": 1.0,
            "Bass": 0.5,
            "Treble": 1.0,
            "Master": 1.0,
            "Sag": 0.5,
            "ChVol": 0.65,
            "Hum": 0.5
        }
    }
}
