{
    "modelName": "US Double Vib",
    "params": {
        "Drive": {
            "id": 1,
            "behavior": "interpolate"
        },
        "Bass": {
            "id": 2,
            "behavior": "interpolate"
        },
        "Mid": {
            "id": 3,
            "behavior": "interpolate"
        },
        "Treble": {
            "id": 4,
            "behavior": "interpolate"
        },
        "Master": {
            "id": 5,
            "behavior": "interpolate"
        },
        "ChVol": {
            "id": 6,
            "behavior": "interpolate"
        },
        "Sag": {
            "id": 7,
            "behavior": "interpolate"
        },
        "Hum": {
            "id": 8,
            "behavior": "interpolate"
        }
    },
    "regions": {
        "origin": {
            "name": "Classic",
            "Drive": 0.38999998569488525,
            "Bass": 0.46000003814697266,
            "Mid": 0.7000000476837158,
            "Treble": 0.5199999809265137,
            "Master": 0.6000000238418579,
            "ChVol": 1.0,
            "Sag": 0.5,
            "Hum": 0.5
        },
        "x_min_y_min": {
            "name": "Noonish",
            "Drive": 0.3700000047683716,
            "Bass": 0.5,
            "Mid": 0.5,
            "Treble": 0.5,
            "Master": 0.5,
            "ChVol": 1.0,
            "Sag": 0.5,
            "Hum": 0.5
        },
        "x_min_y_max": {
            "name": "Alabama",
            "Drive": 0.7300000190734863,
            "Bass": 0.3700000047683716,
            "Mid": 1.0,
            "Treble": 0.6200000047683716,
            "Master": 1.0,
            "ChVol": 0.36000001430511475,
            "Sag": 0.7000000476837158,
            "Hum": 0.5
        },
        "x_max_y_min": {
            "name": "Highway",
            "Drive": 1.0,
            "Bass": 0.0,
            "Mid": 0.0,
            "Treble": 1.0,
            "Master": 1.0,
            "ChVol": 0.43000006675720215,
            "Sag": 0.7000000476837158,
            "Hum": 0.5
        },
        "x_max_y_max": {
            "name": "Azucar",
            "Drive": 0.9300000667572021,
            "Bass": 0.3799999952316284,
            "Mid": 0.75,
            "Treble": 0.7000000476837158,
            "Master": 1.0,
            "ChVol": 0.38999998569488525,
            "Sag": 0.8299999237060547,
            "Hum": 0.5
        }
    }
}
