{
    "modelName": "Moo)))n Brt",
    "params": {
        "BrtDrive": {
            "id": 1,
            "behavior": "interpolate"
        },
        "NrmDrive": {
            "id": 2,
            "behavior": "interpolate"
        },
        "Bass": {
            "id": 3,
            "behavior": "interpolate"
        },
        "Mid": {
            "id": 4,
            "behavior": "interpolate"
        },
        "Treble": {
            "id": 5,
            "behavior": "interpolate"
        },
        "ChVol": {
            "id": 6,
            "behavior": "interpolate"
        },
        "Presence": {
            "id": 7,
            "behavior": "interpolate"
        },
        "Master": {
            "id": 8,
            "behavior": "interpolate"
        },
        "Sag": {
            "id": 9,
            "behavior": "interpolate"
        },
        "Hum": {
            "id": 10,
            "behavior": "interpolate"
        }
    },
    "regions": {
        "origin": {
            "name": "Snappy",
            "BrtDrive": 0.3500000238418579,
            "NrmDrive": 0.0,
            "Bass": 0.3999999761581421,
            "Mid": 0.4500000476837158,
            "Treble": 0.5,
            "ChVol": 0.75,
            "Presence": 0.3999999761581421,
            "Master": 0.7999999523162842,
            "Sag": 0.5,
            "Hum": 0.5
        },
        "x_min_y_min": {
            "name": "Clean",
            "BrtDrive": 0.20000004768371582,
            "NrmDrive": 0.0,
            "Bass": 0.6700000762939453,
            "Mid": 0.6299999952316284,
            "Treble": 0.49000000953674316,
            "ChVol": 0.7899999618530273,
            "Presence": 0.5299999713897705,
            "Master": 0.7599999904632568,
            "Sag": 0.5199999809265137,
            "Hum": 0.5
        },
        "x_min_y_max": {
            "name": "Rhythm",
            "BrtDrive": 0.2999999523162842,
            "NrmDrive": 0.0,
            "Bass": 0.6700000762939453,
            "Mid": 0.3500000238418579,
            "Treble": 0.3500000238418579,
            "ChVol": 0.75,
            "Presence": 0.440000057220459,
            "Master": 0.7999999523162842,
            "Sag": 0.5,
            "Hum": 0.5
        },
        "x_max_y_min": {
            "name": "Boomy",
            "BrtDrive": 0.6800000667572021,
            "NrmDrive": 0.0,
            "Bass": 0.809999942779541,
            "Mid": 0.2999999523162842,
            "Treble": 0.2999999523162842,
            "ChVol": 0.690000057220459,
            "Presence": 0.3500000238418579,
            "Master": 0.5,
            "Sag": 0.5199999809265137,
            "Hum": 0.5
        },
        "x_max_y_max": {
            "name": "Pushed",
            "BrtDrive": 0.9100000858306885,
            "NrmDrive": 0.0,
            "Bass": 0.25,
            "Mid": 0.6299999952316284,
            "Treble": 0.48000001907348633,
            "ChVol": 0.690000057220459,
            "Presence": 0.2999999523162842,
            "Master": 0.5,
            "Sag": 0.5199999809265137,
            "Hum": 0.5
        }
    }
}
