{
    "modelName": "Bass Octaver",
    "params": {
        "Tone": {
            "id": 1,
            "behavior": "interpolate"
        },
        "Normal": {
            "id": 2,
            "behavior": "interpolate"
        },
        "Octave": {
            "id": 3,
            "behavior": "interpolate"
        },
        "Level": {
            "id": 4,
            "behavior": "interpolate"
        }
    },
    "regions": {
        "origin": {
            "name": "Balanced",
            "Tone": 0.6200000047683716,
            "Normal": 0.8500000238418579,
            "Octave": 0.8500000238418579,
            "Level": 0.0
        },
        "x_min_y_min": {
            "name": "Subtle",
            "Tone": 0.5099999904632568,
            "Normal": 1.0,
            "Octave": 0.16999995708465576,
            "Level": 0.0
        },
        "x_min_y_max": {
            "name": "Deep",
            "Tone": 0.3700000047683716,
            "Normal": 0.5,
            "Octave": 0.8999999761581421,
            "Level": 0.0
        },
        "x_max_y_min": {
            "name": "Moderate",
            "Tone": 0.7799999713897705,
            "Normal": 0.8999999761581421,
            "Octave": 0.5,
            "Level": 0.0
        },
        "x_max_y_max": {
            "name": "Deeper",
            "Tone": 0.0,
            "Normal": 0.04999995231628418,
            "Octave": 1.0,
            "Level": 0.0
        }
    }
}
