{
    "modelName": "Scream 808",
    "params": {
        "Gain": {
            "id": 1,
            "behavior": "interpolate"
        },
        "Tone": {
            "id": 2,
            "behavior": "interpolate"
        },
        "Level": {
            "id": 3,
            "behavior": "interpolate"
        }
    },
    "regions": {
        "origin": {
            "name": "Mid Gain",
            "Gain": 0.41999995708465576,
            "Tone": 0.7400000095367432,
            "Level": 0.5499999523162842
        },
        "x_min_y_min": {
            "name": "Just There",
            "Gain": 0.039999961853027344,
            "Tone": 0.41999995708465576,
            "Level": 0.6299999952316284
        },
        "x_min_y_max": {
            "name": "Bright Rhythm",
            "Gain": 0.28999996185302734,
            "Tone": 0.9900000095367432,
            "Level": 0.6299999952316284
        },
        "x_max_y_min": {
            "name": "Amp Sculpt",
            "Gain": 0.0,
            "Tone": 1.0,
            "Level": 1.0
        },
        "x_max_y_max": {
            "name": "Lead",
            "Gain": 0.8799999952316284,
            "Tone": 0.5799999237060547,
            "Level": 0.9900000095367432
        }
    }
}
