{
    "modelName": "Heir Apparent",
    "params": {
        "Gain": {
            "id": 1,
            "behavior": "interpolate"
        },
        "Tone": {
            "id": 2,
            "behavior": "interpolate"
        },
        "Presence": {
            "id": 3,
            "behavior": "interpolate"
        },
        "Clipping": {
            "id": 4,
            "behavior": "quantize"
        },
        "GainMod": {
            "id": 5,
            "behavior": "quantize"
        },
        "Level": {
            "id": 6,
            "behavior": "interpolate"
        },
        "Voltage": {
            "id": 7,
            "behavior": "quantize"
        }
    },
    "regions": {
        "origin": {
            "name": "Perfect OD",
            "Gain": 0.46000003814697266,
            "Tone": 0.3700000047683716,
            "Presence": 0.12999999523162842,
            "Clipping": 0,
            "GainMod": 1,
            "Level": 0.6200000047683716,
            "Voltage": true
        },
        "x_min_y_min": {
            "name": "Boost Me",
            "Gain": 0.009999990463256836,
            "Tone": 0.6299999952316284,
            "Presence": 0.12999999523162842,
            "Clipping": 1,
            "GainMod": 1,
            "Level": 0.6700000762939453,
            "Voltage": true
        },
        "x_min_y_max": {
            "name": "Mid Push",
            "Gain": 0.3400000333786011,
            "Tone": 0.6299999952316284,
            "Presence": 0.23000001907348633,
            "Clipping": 0,
            "GainMod": 0,
            "Level": 0.7000000476837158,
            "Voltage": false
        },
        "x_max_y_min": {
            "name": "Dist Rhythm",
            "Gain": 0.6299999952316284,
            "Tone": 0.3700000047683716,
            "Presence": 0.0,
            "Clipping": 2,
            "GainMod": 0,
            "Level": 1.0,
            "Voltage": true
        },
        "x_max_y_max": {
            "name": "Dist Lead",
            "Gain": 0.8799999952316284,
            "Tone": 0.43000006675720215,
            "Presence": 0.059999942779541016,
            "Clipping": 2,
            "GainMod": 1,
            "Level": 0.75,
            "Voltage": false
        }
    }
}
