{
    "modelName": "ZeroAmp Bass DI",
    "params": {
        "Drive": {
            "id": 1,
            "behavior": "interpolate"
        },
        "Bass": {
            "id": 2,
            "behavior": "interpolate"
        },
        "Treble": {
            "id": 3,
            "behavior": "interpolate"
        },
        "Presence": {
            "id": 4,
            "behavior": "interpolate"
        },
        "Blend": {
            "id": 5,
            "behavior": "interpolate"
        },
        "Level": {
            "id": 6,
            "behavior": "interpolate"
        }
    },
    "regions": {
        "origin": {
            "name": "Thick",
            "Drive": 0.6800000667572021,
            "Bass": 0.5099999904632568,
            "Treble": 0.4700000286102295,
            "Presence": 0.5,
            "Blend": 0.3999999761581421,
            "Level": 0.7000000476837158
        },
        "x_min_y_min": {
            "name": "Tubey",
            "Drive": 0.33000004291534424,
            "Bass": 0.5799999237060547,
            "Treble": 0.5799999237060547,
            "Presence": 0.3999999761581421,
            "Blend": 0.4700000286102295,
            "Level": 0.7599999904632568
        },
        "x_min_y_max": {
            "name": "Growl",
            "Drive": 0.7999999523162842,
            "Bass": 0.4700000286102295,
            "Treble": 0.5299999713897705,
            "Presence": 0.6200000047683716,
            "Blend": 0.5799999237060547,
            "Level": 0.6000000238418579
        },
        "x_max_y_min": {
            "name": "Bite",
            "Drive": 0.5299999713897705,
            "Bass": 0.5099999904632568,
            "Treble": 0.43000006675720215,
            "Presence": 0.5699999332427979,
            "Blend": 0.6499999761581421,
            "Level": 0.7300000190734863
        },
        "x_max_y_max": {
            "name": "Clank",
            "Drive": 0.8899999856948853,
            "Bass": 0.49000000953674316,
            "Treble": 0.6100000143051147,
            "Presence": 0.75,
            "Blend": 0.5,
            "Level": 0.6299999952316284
        }
    }
}
