{
    "modelName": "Ampeg Scrambler",
    "params": {
        "Drive": {
            "id": 1,
            "behavior": "interpolate"
        },
        "Blend": {
            "id": 2,
            "behavior": "interpolate"
        },
        "Treble": {
            "id": 3,
            "behavior": "interpolate"
        },
        "Level": {
            "id": 4,
            "behavior": "interpolate"
        }
    },
    "regions": {
        "origin": {
            "name": "Soft",
            "Drive": 0.7000000476837158,
            "Blend": 0.6299999952316284,
            "Treble": 0.5899999141693115,
            "Level": 0.7400000095367432
        },
        "x_min_y_min": {
            "name": "Over Easy",
            "Drive": 0.7000000476837158,
            "Blend": 0.10000002384185791,
            "Treble": 0.8500000238418579,
            "Level": 0.7599999904632568
        },
        "x_min_y_max": {
            "name": "Aggressive",
            "Drive": 0.7999999523162842,
            "Blend": 0.7200000286102295,
            "Treble": 0.7000000476837158,
            "Level": 0.690000057220459
        },
        "x_max_y_min": {
            "name": "Punchy",
            "Drive": 0.5,
            "Blend": 0.3999999761581421,
            "Treble": 0.7999999523162842,
            "Level": 0.7799999713897705
        },
        "x_max_y_max": {
            "name": "Fried",
            "Drive": 1.0,
            "Blend": 0.8999999761581421,
            "Treble": 0.6100000143051147,
            "Level": 0.7699999809265137
        }
    }
}
