{
    "modelName": "Colordrive",
    "params": {
        "Drive": {
            "id": 1,
            "behavior": "interpolate"
        },
        "Bass": {
            "id": 2,
            "behavior": "interpolate"
        },
        "Mid": {
            "id": 3,
            "behavior": "interpolate"
        },
        "Treble": {
            "id": 4,
            "behavior": "interpolate"
        },
        "Output": {
            "id": 5,
            "behavior": "interpolate"
        }
    },
    "regions": {
        "origin": {
            "name": "Warmth",
            "Drive": 0.6499999761581421,
            "Bass": 0.6499999761581421,
            "Mid": 0.3999999761581421,
            "Treble": 0.49000000953674316,
            "Output": 0.6499999761581421
        },
        "x_min_y_min": {
            "name": "BreaknUP",
            "Drive": 0.4500000476837158,
            "Bass": 0.6499999761581421,
            "Mid": 0.440000057220459,
            "Treble": 0.49000000953674316,
            "Output": 0.8999999761581421
        },
        "x_min_y_max": {
            "name": "Bitey",
            "Drive": 0.75,
            "Bass": 0.5,
            "Mid": 0.49000000953674316,
            "Treble": 0.5199999809265137,
            "Output": 0.6000000238418579
        },
        "x_max_y_min": {
            "name": "LoudnFull",
            "Drive": 0.7999999523162842,
            "Bass": 0.6600000858306885,
            "Mid": 0.5899999141693115,
            "Treble": 0.3999999761581421,
            "Output": 0.6000000238418579
        },
        "x_max_y_max": {
            "name": "WideOpen",
            "Drive": 0.9500000476837158,
            "Bass": 0.6000000238418579,
            "Mid": 0.3500000238418579,
            "Treble": 0.4500000476837158,
            "Output": 0.6499999761581421
        }
    }
}
