{
    "modelName": "Jumbo Fuzz",
    "params": {
        "Drive": {
            "id": 1,
            "behavior": "interpolate"
        },
        "Bass": {
            "id": 2,
            "behavior": "interpolate"
        },
        "Mid": {
            "id": 3,
            "behavior": "interpolate"
        },
        "Treble": {
            "id": 4,
            "behavior": "interpolate"
        },
        "Output": {
            "id": 5,
            "behavior": "interpolate"
        }
    },
    "regions": {
        "origin": {
            "name": "MildFuzz",
            "Drive": 0.7000000476837158,
            "Bass": 0.5,
            "Mid": 0.4500000476837158,
            "Treble": 0.4500000476837158,
            "Output": 0.4500000476837158
        },
        "x_min_y_min": {
            "name": "MidFuzz",
            "Drive": 0.4500000476837158,
            "Bass": 0.3999999761581421,
            "Mid": 0.5499999523162842,
            "Treble": 0.5,
            "Output": 0.5
        },
        "x_min_y_max": {
            "name": "BassEFuzz",
            "Drive": 0.75,
            "Bass": 0.7000000476837158,
            "Mid": 0.3799999952316284,
            "Treble": 0.3500000238418579,
            "Output": 0.5
        },
        "x_max_y_min": {
            "name": "Throaty",
            "Drive": 0.7999999523162842,
            "Bass": 0.2999999523162842,
            "Mid": 0.4500000476837158,
            "Treble": 0.5799999237060547,
            "Output": 0.5
        },
        "x_max_y_max": {
            "name": "Soaked",
            "Drive": 1.0,
            "Bass": 0.7000000476837158,
            "Mid": 0.3500000238418579,
            "Treble": 0.5299999713897705,
            "Output": 0.5
        }
    }
}
