{
    "modelName": "Overdrive",
    "params": {
        "Drive": {
            "id": 1,
            "behavior": "interpolate"
        },
        "Bass": {
            "id": 2,
            "behavior": "interpolate"
        },
        "Mid": {
            "id": 3,
            "behavior": "interpolate"
        },
        "Treble": {
            "id": 4,
            "behavior": "interpolate"
        },
        "Output": {
            "id": 5,
            "behavior": "interpolate"
        }
    },
    "regions": {
        "origin": {
            "name": "Drive",
            "Drive": 0.3500000238418579,
            "Bass": 0.5,
            "Mid": 0.3500000238418579,
            "Treble": 0.3999999761581421,
            "Output": 0.5
        },
        "x_min_y_min": {
            "name": "Breakup",
            "Drive": 0.10000002384185791,
            "Bass": 0.5,
            "Mid": 0.3500000238418579,
            "Treble": 0.5,
            "Output": 0.7999999523162842
        },
        "x_min_y_max": {
            "name": "Edge",
            "Drive": 0.49000000953674316,
            "Bass": 0.5,
            "Mid": 0.5199999809265137,
            "Treble": 0.48000001907348633,
            "Output": 0.4500000476837158
        },
        "x_max_y_min": {
            "name": "Vintage",
            "Drive": 0.6000000238418579,
            "Bass": 0.7000000476837158,
            "Mid": 0.4500000476837158,
            "Treble": 0.21000003814697266,
            "Output": 0.4500000476837158
        },
        "x_max_y_max": {
            "name": "Big",
            "Drive": 0.9500000476837158,
            "Bass": 0.3999999761581421,
            "Mid": 0.6000000238418579,
            "Treble": 0.6100000143051147,
            "Output": 0.4099999666213989
        }
    }
}
