{
    "modelName": "Tube Drive",
    "params": {
        "Drive": {
            "id": 1,
            "behavior": "interpolate"
        },
        "Bass": {
            "id": 2,
            "behavior": "interpolate"
        },
        "Mid": {
            "id": 3,
            "behavior": "interpolate"
        },
        "Treble": {
            "id": 4,
            "behavior": "interpolate"
        },
        "Output": {
            "id": 5,
            "behavior": "interpolate"
        }
    },
    "regions": {
        "origin": {
            "name": "Driven",
            "Drive": 0.5899999737739563,
            "Bass": 0.5299999713897705,
            "Mid": 0.5,
            "Treble": 0.5,
            "Output": 0.8199999928474426
        },
        "x_min_y_min": {
            "name": "Tight Boost",
            "Drive": 0.18000000715255737,
            "Bass": 0.7699999809265137,
            "Mid": 0.5,
            "Treble": 0.7699999809265137,
            "Output": 1.0
        },
        "x_min_y_max": {
            "name": "Bit of Hair",
            "Drive": 0.3499999940395355,
            "Bass": 0.5600000023841858,
            "Mid": 0.2800000011920929,
            "Treble": 0.4099999964237213,
            "Output": 0.9599999785423279
        },
        "x_max_y_min": {
            "name": "Solo Lead",
            "Drive": 1.0,
            "Bass": 0.5600000023841858,
            "Mid": 0.6700000166893005,
            "Treble": 0.5400000214576721,
            "Output": 0.6100000143051147
        },
        "x_max_y_max": {
            "name": "Gilmourish",
            "Drive": 0.8899999856948853,
            "Bass": 0.5799999833106995,
            "Mid": 0.3499999940395355,
            "Treble": 0.4300000071525574,
            "Output": 0.6399999856948853
        }
    }
}
