{
    "modelName": "Double Tank",
    "params": {
        "Decay": {
            "id": 1,
            "behavior": "interpolate"
        },
        "Predelay": {
            "id": 2,
            "behavior": "interpolate"
        },
        "Rate": {
            "id": 3,
            "behavior": "interpolate"
        },
        "Modulation": {
            "id": 4,
            "behavior": "interpolate"
        },
        "Mix": {
            "id": 5,
            "behavior": "interpolate"
        },
        "Level": {
            "id": 6,
            "behavior": "interpolate"
        },
        "LowCut": {
            "id": 7,
            "behavior": "interpolate"
        },
        "HighCut": {
            "id": 8,
            "behavior": "interpolate"
        }
    },
    "regions": {
        "origin": {
            "name": "Supermoon",
            "Decay": 0.7200000286102295,
            "Predelay": 0.07899999618530273,
            "Rate": 0.15999996662139893,
            "Modulation": 0.36000001430511475,
            "Mix": 0.3500000238418579,
            "Level": 0.0,
            "LowCut": 162.0,
            "HighCut": 12700.0
        },
        "x_min_y_min": {
            "name": "No Motion",
            "Decay": 0.20000004768371582,
            "Predelay": 0.07899999618530273,
            "Rate": 0.0,
            "Modulation": 0.0,
            "Mix": 0.2799999713897705,
            "Level": 0.0,
            "LowCut": 120.0,
            "HighCut": 8300.0
        },
        "x_min_y_max": {
            "name": "Fast Decay",
            "Decay": 0.20000004768371582,
            "Predelay": 0.07400000095367432,
            "Rate": 0.7999999523162842,
            "Modulation": 0.6000000238418579,
            "Mix": 0.36000001430511475,
            "Level": 0.0,
            "LowCut": 199.0,
            "HighCut": 16000.0
        },
        "x_max_y_min": {
            "name": "Dark Vibes",
            "Decay": 0.5799999237060547,
            "Predelay": 0.07899999618530273,
            "Rate": 0.2799999713897705,
            "Modulation": 0.20000004768371582,
            "Mix": 0.46000003814697266,
            "Level": 0.0,
            "LowCut": 19.899999618530273,
            "HighCut": 2000.0
        },
        "x_max_y_max": {
            "name": "Moving Pad",
            "Decay": 0.8700000047683716,
            "Predelay": 0.11000001430511475,
            "Rate": 0.3999999761581421,
            "Modulation": 0.7799999713897705,
            "Mix": 0.3999999761581421,
            "Level": 0.0,
            "LowCut": 110.0,
            "HighCut": 8800.0
        }
    }
}
