{
    "modelName": "Plateaux",
    "params": {
        "Decay": {
            "id": 1,
            "behavior": "interpolate"
        },
        "Predelay": {
            "id": 2,
            "behavior": "interpolate"
        },
        "Tone": {
            "id": 3,
            "behavior": "interpolate"
        },
        "Modulation": {
            "id": 4,
            "behavior": "interpolate"
        },
        "Mix": {
            "id": 5,
            "behavior": "interpolate"
        },
        "Level": {
            "id": 6,
            "behavior": "interpolate"
        },
        "Pitch1": {
            "id": 8,
            "behavior": "quantize"
        },
        "Cents1": {
            "id": 9,
            "behavior": "interpolate"
        },
        "Pitch2": {
            "id": 10,
            "behavior": "quantize"
        },
        "Cents2": {
            "id": 11,
            "behavior": "interpolate"
        },
        "PitchMix": {
            "id": 12,
            "behavior": "interpolate"
        }
    },
    "regions": {
        "origin": {
            "name": "Aura",
            "Decay": 0.7000000476837158,
            "Predelay": 0.08000004291534424,
            "Tone": 0.5499999523162842,
            "Modulation": 0.5799999237060547,
            "Mix": 0.41999995708465576,
            "Level": 0.0,
            "Pitch1": 7,
            "Cents1": -2.3999977111816406,
            "Pitch2": 12,
            "Cents2": 2.0,
            "PitchMix": 0.2999999523162842
        },
        "x_min_y_min": {
            "name": "Just Verb",
            "Decay": 0.21000003814697266,
            "Predelay": 0.050999999046325684,
            "Tone": 0.28999996185302734,
            "Modulation": 0.7999999523162842,
            "Mix": 0.18000006675720215,
            "Level": 0.0,
            "Pitch1": 0,
            "Cents1": 0.0,
            "Pitch2": 0,
            "Cents2": 0.0,
            "PitchMix": 0.0
        },
        "x_min_y_max": {
            "name": "Darkness",
            "Decay": 0.7699999809265137,
            "Predelay": 0.07099997997283936,
            "Tone": 0.0,
            "Modulation": 0.5499999523162842,
            "Mix": 0.440000057220459,
            "Level": 0.0,
            "Pitch1": 0,
            "Cents1": 0.0,
            "Pitch2": -12,
            "Cents2": 0.0,
            "PitchMix": 0.6399999856948853
        },
        "x_max_y_min": {
            "name": "Sparkle",
            "Decay": 0.7699999809265137,
            "Predelay": 0.11000001430511475,
            "Tone": 0.2799999713897705,
            "Modulation": 1.0,
            "Mix": 0.38999998569488525,
            "Level": 0.0,
            "Pitch1": 24,
            "Cents1": 0.0,
            "Pitch2": 12,
            "Cents2": 0.8000030517578125,
            "PitchMix": 0.5
        },
        "x_max_y_max": {
            "name": "Big Octaves",
            "Decay": 0.9500000476837158,
            "Predelay": 0.15000009536743164,
            "Tone": 0.3999999761581421,
            "Modulation": 0.7799999713897705,
            "Mix": 0.440000057220459,
            "Level": 0.0,
            "Pitch1": 12,
            "Cents1": 0.8000030517578125,
            "Pitch2": -12,
            "Cents2": -1.0,
            "PitchMix": 0.6399999856948853
        }
    }
}
