{
    "modelName": "Searchlights",
    "params": {
        "Decay": {
            "id": 1,
            "behavior": "interpolate"
        },
        "Predelay": {
            "id": 2,
            "behavior": "interpolate"
        },
        "LowCut": {
            "id": 3,
            "behavior": "interpolate"
        },
        "HighCut": {
            "id": 4,
            "behavior": "interpolate"
        },
        "Mix": {
            "id": 5,
            "behavior": "interpolate"
        },
        "Level": {
            "id": 6,
            "behavior": "interpolate"
        },
        "Modulation": {
            "id": 7,
            "behavior": "interpolate"
        },
        "Speed": {
            "id": 8,
            "behavior": "interpolate"
        },
        "Intensity": {
            "id": 9,
            "behavior": "interpolate"
        }
    },
    "regions": {
        "origin": {
            "name": "Cloudy",
            "Decay": 0.5699999332427979,
            "Predelay": 0.08599996566772461,
            "LowCut": 168.0,
            "HighCut": 8000.0,
            "Mix": 0.2999999523162842,
            "Level": 0.0,
            "Modulation": 0.25999999046325684,
            "Speed": 0.6400001049041748,
            "Intensity": 0.49000000953674316
        },
        "x_min_y_min": {
            "name": "Is It On?",
            "Decay": 0.1499999761581421,
            "Predelay": 0.0,
            "LowCut": 154.0,
            "HighCut": 4200.0,
            "Mix": 0.20000004768371582,
            "Level": 0.0,
            "Modulation": 0.0,
            "Speed": 0.10000002384185791,
            "Intensity": 0.0
        },
        "x_min_y_max": {
            "name": "Quick Burst",
            "Decay": 0.36000001430511475,
            "Predelay": 0.15000009536743164,
            "LowCut": 154.0,
            "HighCut": 7400.0,
            "Mix": 0.23000001907348633,
            "Level": 0.0,
            "Modulation": 0.3700000047683716,
            "Speed": 0.2999999523162842,
            "Intensity": 0.3700000047683716
        },
        "x_max_y_min": {
            "name": "Dark Motion",
            "Decay": 0.5,
            "Predelay": 0.06200003623962402,
            "LowCut": 111.0,
            "HighCut": 2300.0,
            "Mix": 0.28999996185302734,
            "Level": 0.0,
            "Modulation": 0.6399999856948853,
            "Speed": 0.33000004291534424,
            "Intensity": 0.5799999237060547
        },
        "x_max_y_max": {
            "name": "Huge Swirl",
            "Decay": 0.8600000143051147,
            "Predelay": 0.08599996566772461,
            "LowCut": 99.0,
            "HighCut": 10400.0,
            "Mix": 0.38999998569488525,
            "Level": 0.0,
            "Modulation": 0.8999999761581421,
            "Speed": 0.5299999713897705,
            "Intensity": 0.7799999713897705
        }
    }
}
